{"accuracy": 0.8925, "h1": 8, "h2": 64, "heap_info.alloc_cnt": 59, "heap_info.alloc_fail_cnt": 0, "heap_info.current_size": 5076, "heap_info.max_size": 8732, "heap_info.reserved_size": 81480, "heap_info.total_size": 320766, "stack_info[0].max_size": 1768, "stack_info[0].reserved_size": 4096, "stack_info[0].stack_cnt": 1, "stack_info[0].thread_id": 536875280, "stack_info[1].max_size": 64, "stack_info[1].reserved_size": 640, "stack_info[1].stack_cnt": 1, "stack_info[1].thread_id": 536875616, "stack_info[2].max_size": 104, "stack_info[2].reserved_size": 768, "stack_info[2].stack_cnt": 1, "stack_info[2].thread_id": 536875548, "task_name": "MnistFC", "time_elapsed": 0.951587, "avg_cur": 0.0013986440677966065, "avg_power": 0.004615525423728802, "raw_power_results": [0.001242, 0.0012699999999999999, 0.0016929999999999998, 0.001695, 0.0016979999999999999, 0.0017059999999999998, 0.001704, 0.0017109999999999998, 0.001302, 0.0012439999999999999, 0.001214, 0.001549, 0.001663, 0.001666, 0.001674, 0.001702, 0.001712, 0.001503, 0.001215, 0.001246, 0.001359, 0.001674, 0.0016359999999999999, 0.001633, 0.001692, 0.001704, 0.0017029999999999999, 0.001214, 0.001243, 0.00121, 0.001653, 0.001661, 0.00163, 0.00166, 0.001702, 0.001712, 0.001403, 0.001238, 0.0012209999999999999, 0.001465, 0.001666, 0.001632, 0.001633, 0.001699, 0.001712, 0.001596, 0.001212, 0.001243, 0.001274, 0.0016899999999999999, 0.0016309999999999999, 0.0016339999999999998, 0.001681, 0.001704, 0.001712, 0.0012959999999999998, 0.0013059999999999999, 0.001215, 0.001215, 0.001215, 0.001215, 0.001215, 0.001215, 0.001215, 0.001215, 0.001214, 0.001215, 0.001215, 0.001215, 0.001215, 0.001215, 0.001215, 0.001215, 0.001215, 0.001215, 0.001215, 0.001215, 0.001215, 0.001215, 0.001215, 0.001215, 0.001215, 0.001215, 0.001215, 0.001215, 0.001215, 0.001215, 0.001215, 0.001215, 0.001215, 0.001215, 0.0012159999999999999, 0.001215, 0.001215, 0.001215, 0.0012159999999999999, 0.0012159999999999999, 0.0012159999999999999, 0.0012159999999999999, 0.0012159999999999999, 0.0012159999999999999, 0.0012159999999999999, 0.0012159999999999999, 0.0012159999999999999, 0.0012159999999999999, 0.0012159999999999999, 0.0012159999999999999, 0.0012159999999999999, 0.0012159999999999999, 0.0012159999999999999, 0.0012159999999999999, 0.0012159999999999999, 0.0012159999999999999, 0.0012159999999999999, 0.0012159999999999999, 0.0012159999999999999, 0.0012159999999999999, 0.0012159999999999999, 0.0012159999999999999, 0.0012159999999999999, 0.0012159999999999999, 0.0012159999999999999, 0.0012159999999999999, 0.0012159999999999999, 0.0012159999999999999, 0.0012159999999999999, 0.0012159999999999999, 0.0012159999999999999, 0.0012159999999999999, 0.0014219999999999999, 0.001519, 0.001521, 0.001521, 0.0015199999999999999, 0.001522, 0.001522, 0.0015199999999999999, 0.001521, 0.001521, 0.001521, 0.001522, 0.001522, 0.001522, 0.001519, 0.0015199999999999999, 0.001521, 0.001519, 0.001521, 0.001522, 0.0015199999999999999, 0.001521, 0.001522, 0.001522, 0.001522, 0.0015229999999999998, 0.001522, 0.0015199999999999999, 0.001522, 0.001522, 0.001522, 0.0015229999999999998, 0.001524, 0.001521, 0.001522, 0.001522, 0.001522, 0.0015229999999999998, 0.0015229999999999998, 0.001521, 0.001517, 0.001517, 0.001518, 0.001517, 0.001519, 0.001521, 0.001518, 0.001519]}