{"accuracy": 0.9425, "h1": 64, "h2": 64, "heap_info.alloc_cnt": 59, "heap_info.alloc_fail_cnt": 0, "heap_info.current_size": 5076, "heap_info.max_size": 8732, "heap_info.reserved_size": 81480, "heap_info.total_size": 318346, "stack_info[0].max_size": 1704, "stack_info[0].reserved_size": 4096, "stack_info[0].stack_cnt": 1, "stack_info[0].thread_id": 536875280, "stack_info[1].max_size": 64, "stack_info[1].reserved_size": 640, "stack_info[1].stack_cnt": 1, "stack_info[1].thread_id": 536875616, "stack_info[2].max_size": 104, "stack_info[2].reserved_size": 768, "stack_info[2].stack_cnt": 1, "stack_info[2].thread_id": 536875548, "task_name": "MnistFC", "time_elapsed": 0.960857, "avg_cur": 0.001404070652173911, "avg_power": 0.004633433152173906, "raw_power_results": [0.001714, 0.001696, 0.0012699999999999999, 0.001245, 0.001214, 0.0015949999999999998, 0.0016899999999999999, 0.00166, 0.0016719999999999999, 0.001704, 0.001696, 0.001517, 0.001217, 0.001249, 0.001351, 0.001696, 0.001665, 0.001666, 0.001696, 0.0017079999999999999, 0.001696, 0.001261, 0.001246, 0.001215, 0.001609, 0.0016619999999999998, 0.0016619999999999998, 0.0016389999999999998, 0.001713, 0.001695, 0.001499, 0.001214, 0.001246, 0.0013679999999999999, 0.0016929999999999998, 0.0016539999999999999, 0.001602, 0.001687, 0.001704, 0.001697, 0.001242, 0.001246, 0.001212, 0.001635, 0.001676, 0.001668, 0.001681, 0.001717, 0.001696, 0.0014789999999999998, 0.001217, 0.001248, 0.00139, 0.0016929999999999998, 0.001687, 0.0016899999999999999, 0.001709, 0.0017109999999999998, 0.0017, 0.001222, 0.001305, 0.001212, 0.001212, 0.001212, 0.001212, 0.001212, 0.001212, 0.001212, 0.001212, 0.001212, 0.001212, 0.001212, 0.001212, 0.001212, 0.001212, 0.001212, 0.001212, 0.0012109999999999998, 0.001212, 0.001212, 0.001212, 0.001212, 0.001212, 0.001212, 0.001212, 0.001212, 0.001212, 0.001212, 0.001212, 0.001212, 0.001212, 0.001212, 0.001212, 0.001212, 0.001212, 0.001212, 0.001212, 0.001212, 0.001212, 0.001212, 0.001212, 0.001212, 0.0012129999999999999, 0.001212, 0.001212, 0.001212, 0.001212, 0.001212, 0.001212, 0.001212, 0.0012129999999999999, 0.0012129999999999999, 0.0012129999999999999, 0.0012129999999999999, 0.001212, 0.001212, 0.0012129999999999999, 0.001212, 0.001212, 0.001212, 0.0012129999999999999, 0.001212, 0.001212, 0.001212, 0.0012129999999999999, 0.001212, 0.001212, 0.0012129999999999999, 0.0012129999999999999, 0.0012129999999999999, 0.0012129999999999999, 0.0012129999999999999, 0.0012129999999999999, 0.0014479999999999999, 0.001522, 0.001522, 0.001521, 0.001522, 0.0015229999999999998, 0.001522, 0.001522, 0.0015229999999999998, 0.001522, 0.0015229999999999998, 0.0015229999999999998, 0.0015229999999999998, 0.0015199999999999999, 0.001521, 0.001522, 0.001521, 0.001522, 0.001524, 0.001521, 0.001522, 0.0015229999999999998, 0.0015229999999999998, 0.001524, 0.0015249999999999999, 0.001524, 0.0015229999999999998, 0.0015229999999999998, 0.001524, 0.0015229999999999998, 0.001524, 0.0015249999999999999, 0.001522, 0.0015229999999999998, 0.0015229999999999998, 0.0015229999999999998, 0.001524, 0.0015249999999999999, 0.0015229999999999998, 0.001519, 0.001519, 0.001521, 0.0015199999999999999, 0.001521, 0.001522, 0.0015199999999999999, 0.001521, 0.001522, 0.001522, 0.001522, 0.0015229999999999998]}