{"accuracy": 0.9308, "h1": 32, "h2": 64, "heap_info.alloc_cnt": 59, "heap_info.alloc_fail_cnt": 0, "heap_info.current_size": 5076, "heap_info.max_size": 8732, "heap_info.reserved_size": 81480, "heap_info.total_size": 297226, "stack_info[0].max_size": 1704, "stack_info[0].reserved_size": 4096, "stack_info[0].stack_cnt": 1, "stack_info[0].thread_id": 536875280, "stack_info[1].max_size": 64, "stack_info[1].reserved_size": 640, "stack_info[1].stack_cnt": 1, "stack_info[1].thread_id": 536875616, "stack_info[2].max_size": 104, "stack_info[2].reserved_size": 768, "stack_info[2].stack_cnt": 1, "stack_info[2].thread_id": 536875548, "task_name": "MnistFC", "time_elapsed": 0.94138, "avg_cur": 0.0013978693181818161, "avg_power": 0.004612968749999993, "raw_power_results": [0.00122, 0.001469, 0.001681, 0.001665, 0.001665, 0.00171, 0.001705, 0.001545, 0.0012129999999999999, 0.0012439999999999999, 0.001316, 0.0017159999999999999, 0.001663, 0.001663, 0.001695, 0.0017109999999999998, 0.0016879999999999998, 0.0012109999999999998, 0.0012439999999999999, 0.001215, 0.001669, 0.001681, 0.001686, 0.001696, 0.00171, 0.001704, 0.001341, 0.001241, 0.001215, 0.0015149999999999999, 0.001666, 0.001663, 0.001668, 0.0017109999999999998, 0.001704, 0.0014939999999999999, 0.001212, 0.0012469999999999998, 0.0013679999999999999, 0.001678, 0.001637, 0.001607, 0.001687, 0.0017059999999999998, 0.0016439999999999998, 0.0012129999999999999, 0.001246, 0.001237, 0.001687, 0.0016589999999999999, 0.00166, 0.001684, 0.001713, 0.0017059999999999998, 0.001289, 0.001303, 0.0012129999999999999, 0.0012129999999999999, 0.0012129999999999999, 0.0012129999999999999, 0.0012129999999999999, 0.0012129999999999999, 0.001214, 0.001214, 0.001214, 0.0012129999999999999, 0.0012129999999999999, 0.0012129999999999999, 0.0012129999999999999, 0.0012129999999999999, 0.0012129999999999999, 0.0012129999999999999, 0.0012129999999999999, 0.0012129999999999999, 0.0012129999999999999, 0.0012129999999999999, 0.001214, 0.0012129999999999999, 0.0012129999999999999, 0.0012129999999999999, 0.0012129999999999999, 0.0012129999999999999, 0.001214, 0.0012129999999999999, 0.001214, 0.0012129999999999999, 0.001214, 0.001214, 0.001214, 0.001214, 0.001214, 0.001214, 0.001214, 0.001214, 0.001214, 0.0012129999999999999, 0.0012129999999999999, 0.001214, 0.001214, 0.001214, 0.001214, 0.001215, 0.001214, 0.001214, 0.001215, 0.001214, 0.001214, 0.001214, 0.001214, 0.001214, 0.001214, 0.001214, 0.001214, 0.001214, 0.001214, 0.001214, 0.001215, 0.001215, 0.001214, 0.001214, 0.001214, 0.001214, 0.001214, 0.001215, 0.001215, 0.001215, 0.001215, 0.001215, 0.001379, 0.001522, 0.001519, 0.0015199999999999999, 0.001521, 0.001519, 0.001521, 0.001522, 0.001521, 0.001521, 0.001521, 0.001521, 0.001521, 0.001522, 0.001522, 0.001518, 0.001519, 0.0015199999999999999, 0.001519, 0.001521, 0.001522, 0.0015199999999999999, 0.0015199999999999999, 0.001521, 0.001522, 0.001522, 0.0015229999999999998, 0.001522, 0.0015199999999999999, 0.001521, 0.001522, 0.0015199999999999999, 0.001522, 0.0015229999999999998, 0.0015199999999999999, 0.001522, 0.001522, 0.001522, 0.0015229999999999998, 0.0015229999999999998, 0.001521, 0.001517, 0.001517, 0.001518, 0.001518, 0.001518, 0.0015199999999999999, 0.001518]}