{"accuracy": 0.9196, "h1": 64, "h2": 32, "heap_info.alloc_cnt": 59, "heap_info.alloc_fail_cnt": 0, "heap_info.current_size": 5076, "heap_info.max_size": 8732, "heap_info.reserved_size": 81480, "heap_info.total_size": 313226, "stack_info[0].max_size": 1704, "stack_info[0].reserved_size": 4096, "stack_info[0].stack_cnt": 1, "stack_info[0].thread_id": 536875280, "stack_info[1].max_size": 64, "stack_info[1].reserved_size": 640, "stack_info[1].stack_cnt": 1, "stack_info[1].thread_id": 536875616, "stack_info[2].max_size": 104, "stack_info[2].reserved_size": 768, "stack_info[2].stack_cnt": 1, "stack_info[2].thread_id": 536875548, "task_name": "MnistFC", "time_elapsed": 0.787021, "avg_cur": 0.0013677987421383641, "avg_power": 0.0045137358490566016, "raw_power_results": [0.001215, 0.0012389999999999999, 0.0012079999999999999, 0.00163, 0.0016849999999999999, 0.00171, 0.001695, 0.001598, 0.001209, 0.001242, 0.0012649999999999998, 0.0017159999999999999, 0.001674, 0.00171, 0.001691, 0.0014889999999999999, 0.00121, 0.001238, 0.001367, 0.001705, 0.001684, 0.0017109999999999998, 0.0016929999999999998, 0.0013679999999999999, 0.001237, 0.001205, 0.001493, 0.0017239999999999998, 0.001697, 0.001712, 0.001692, 0.0012519999999999999, 0.001241, 0.0012109999999999998, 0.0016099999999999999, 0.001647, 0.001696, 0.001696, 0.001625, 0.001209, 0.001299, 0.00121, 0.00121, 0.00121, 0.00121, 0.00121, 0.00121, 0.00121, 0.00121, 0.0012109999999999998, 0.00121, 0.0012109999999999998, 0.00121, 0.00121, 0.0012109999999999998, 0.0012109999999999998, 0.0012109999999999998, 0.0012109999999999998, 0.00121, 0.0012109999999999998, 0.00121, 0.0012109999999999998, 0.0012109999999999998, 0.00121, 0.0012109999999999998, 0.0012109999999999998, 0.0012109999999999998, 0.0012109999999999998, 0.00121, 0.0012109999999999998, 0.00121, 0.0012109999999999998, 0.0012109999999999998, 0.00121, 0.00121, 0.0012109999999999998, 0.00121, 0.0012109999999999998, 0.0012109999999999998, 0.0012109999999999998, 0.0012109999999999998, 0.00121, 0.0012109999999999998, 0.0012109999999999998, 0.0012109999999999998, 0.001212, 0.0012109999999999998, 0.0012109999999999998, 0.0012109999999999998, 0.0012109999999999998, 0.0012109999999999998, 0.0012109999999999998, 0.0012109999999999998, 0.0012109999999999998, 0.0012109999999999998, 0.0012109999999999998, 0.0012109999999999998, 0.001212, 0.001212, 0.001212, 0.0012109999999999998, 0.001212, 0.001212, 0.0012109999999999998, 0.001212, 0.0012109999999999998, 0.001212, 0.001212, 0.001212, 0.001212, 0.001212, 0.001212, 0.001212, 0.0014919999999999998, 0.001514, 0.001514, 0.001514, 0.0015099999999999998, 0.001511, 0.001511, 0.0015099999999999998, 0.001511, 0.001513, 0.001511, 0.001511, 0.0015119999999999999, 0.0015119999999999999, 0.001513, 0.001513, 0.001513, 0.001511, 0.0015119999999999999, 0.001513, 0.001511, 0.0015119999999999999, 0.001514, 0.0015119999999999999, 0.001513, 0.001513, 0.001513, 0.001514, 0.0015149999999999999, 0.001514, 0.001511, 0.0015119999999999999, 0.001513, 0.0015119999999999999, 0.001514, 0.0015149999999999999, 0.0015119999999999999, 0.001513, 0.001514, 0.001513, 0.001514, 0.0015149999999999999, 0.001514, 0.001513, 0.001514, 0.001045]}