{"accuracy": 0.8332, "h1": 32, "h2": 8, "heap_info.alloc_cnt": 59, "heap_info.alloc_fail_cnt": 0, "heap_info.current_size": 5076, "heap_info.max_size": 8732, "heap_info.reserved_size": 81480, "heap_info.total_size": 314846, "stack_info[0].max_size": 1768, "stack_info[0].reserved_size": 4096, "stack_info[0].stack_cnt": 1, "stack_info[0].thread_id": 536875280, "stack_info[1].max_size": 64, "stack_info[1].reserved_size": 640, "stack_info[1].stack_cnt": 1, "stack_info[1].thread_id": 536875616, "stack_info[2].max_size": 104, "stack_info[2].reserved_size": 768, "stack_info[2].stack_cnt": 1, "stack_info[2].thread_id": 536875548, "task_name": "MnistFC", "time_elapsed": 0.670784, "avg_cur": 0.00135255782312925, "avg_power": 0.0044634408163265245, "raw_power_results": [0.001676, 0.001214, 0.001243, 0.00121, 0.001666, 0.0017029999999999999, 0.001702, 0.0014969999999999998, 0.0012129999999999999, 0.001245, 0.001362, 0.0017009999999999998, 0.0017029999999999999, 0.0017, 0.0013109999999999999, 0.001242, 0.0012079999999999999, 0.001535, 0.0016979999999999999, 0.0017, 0.00162, 0.0012129999999999999, 0.001242, 0.001251, 0.0016849999999999999, 0.001702, 0.0017, 0.001432, 0.001214, 0.001299, 0.00121, 0.001209, 0.00121, 0.00121, 0.00121, 0.001209, 0.00121, 0.00121, 0.001209, 0.00121, 0.00121, 0.00121, 0.00121, 0.00121, 0.00121, 0.00121, 0.00121, 0.00121, 0.00121, 0.00121, 0.00121, 0.0012109999999999998, 0.0012109999999999998, 0.0012109999999999998, 0.0012109999999999998, 0.00121, 0.00121, 0.00121, 0.0012109999999999998, 0.0012109999999999998, 0.0012109999999999998, 0.00121, 0.0012109999999999998, 0.0012109999999999998, 0.00121, 0.0012109999999999998, 0.0012109999999999998, 0.0012109999999999998, 0.00121, 0.0012109999999999998, 0.00121, 0.00121, 0.00121, 0.00121, 0.00121, 0.00121, 0.00121, 0.0012109999999999998, 0.0012109999999999998, 0.0012109999999999998, 0.00121, 0.00121, 0.00121, 0.00121, 0.00121, 0.00121, 0.0012109999999999998, 0.0012109999999999998, 0.0012109999999999998, 0.0012109999999999998, 0.0012109999999999998, 0.0012109999999999998, 0.0012109999999999998, 0.00121, 0.00121, 0.00121, 0.00121, 0.00121, 0.00121, 0.0012109999999999998, 0.0012109999999999998, 0.001312, 0.0015149999999999999, 0.001516, 0.0015119999999999999, 0.001513, 0.0015149999999999999, 0.0015149999999999999, 0.0015149999999999999, 0.001516, 0.0015149999999999999, 0.0015149999999999999, 0.0015149999999999999, 0.001517, 0.001516, 0.001516, 0.001517, 0.001511, 0.001513, 0.001514, 0.001513, 0.001513, 0.0015149999999999999, 0.001514, 0.001514, 0.0015149999999999999, 0.001516, 0.0015149999999999999, 0.001516, 0.001516, 0.001513, 0.001514, 0.0015149999999999999, 0.0015149999999999999, 0.001516, 0.001517, 0.001516, 0.001516, 0.001517, 0.001517, 0.0015149999999999999, 0.001517, 0.001517, 0.001514, 0.0015149999999999999, 0.001516, 0.001032]}