{"accuracy": 0.9509, "h1": 32, "h2": 128, "heap_info.alloc_cnt": 59, "heap_info.alloc_fail_cnt": 0, "heap_info.current_size": 5076, "heap_info.max_size": 8732, "heap_info.reserved_size": 81480, "heap_info.total_size": 307466, "stack_info[0].max_size": 1704, "stack_info[0].reserved_size": 4096, "stack_info[0].stack_cnt": 1, "stack_info[0].thread_id": 536875280, "stack_info[1].max_size": 64, "stack_info[1].reserved_size": 640, "stack_info[1].stack_cnt": 1, "stack_info[1].thread_id": 536875616, "stack_info[2].max_size": 104, "stack_info[2].reserved_size": 768, "stack_info[2].stack_cnt": 1, "stack_info[2].thread_id": 536875548, "task_name": "MnistFC", "time_elapsed": 1.277177, "avg_cur": 0.001441981651376147, "avg_power": 0.004758539449541284, "raw_power_results": [0.001712, 0.0017, 0.001215, 0.001245, 0.001222, 0.001642, 0.001669, 0.0016669999999999999, 0.001666, 0.0016719999999999999, 0.001665, 0.0016799999999999999, 0.001718, 0.001707, 0.001514, 0.0012109999999999998, 0.001249, 0.001361, 0.001692, 0.001692, 0.001687, 0.001692, 0.001689, 0.0016899999999999999, 0.001709, 0.0017, 0.0017109999999999998, 0.001315, 0.001245, 0.001217, 0.001552, 0.001686, 0.0016619999999999998, 0.001661, 0.001665, 0.0016589999999999999, 0.001668, 0.001714, 0.001709, 0.001625, 0.001215, 0.0012519999999999999, 0.001268, 0.0016929999999999998, 0.001668, 0.001664, 0.001671, 0.001664, 0.001666, 0.0016879999999999998, 0.001714, 0.001713, 0.001428, 0.001224, 0.001241, 0.001442, 0.001676, 0.001668, 0.0016569999999999998, 0.0016339999999999998, 0.001609, 0.001617, 0.0016879999999999998, 0.0017159999999999999, 0.001713, 0.0012339999999999999, 0.0012519999999999999, 0.001218, 0.00164, 0.001686, 0.0016669999999999999, 0.0016749999999999998, 0.001669, 0.0016699999999999998, 0.0016829999999999998, 0.0017109999999999998, 0.001714, 0.00154, 0.0012159999999999999, 0.0012519999999999999, 0.001328, 0.001709, 0.0016879999999999998, 0.001689, 0.001694, 0.0016829999999999998, 0.001692, 0.001676, 0.0017159999999999999, 0.0017159999999999999, 0.0013369999999999999, 0.0013109999999999999, 0.001219, 0.001217, 0.001222, 0.001215, 0.0012209999999999999, 0.001219, 0.001217, 0.001222, 0.0012159999999999999, 0.001222, 0.001219, 0.001217, 0.001223, 0.0012159999999999999, 0.001222, 0.001219, 0.001218, 0.001222, 0.001215, 0.001222, 0.001219, 0.001217, 0.001223, 0.001215, 0.001222, 0.001218, 0.001217, 0.001222, 0.001215, 0.001222, 0.001218, 0.001217, 0.001222, 0.001215, 0.001222, 0.001219, 0.001218, 0.001223, 0.001215, 0.001222, 0.001219, 0.001218, 0.001223, 0.0012159999999999999, 0.001222, 0.001219, 0.001218, 0.001222, 0.001215, 0.001222, 0.001219, 0.001217, 0.001222, 0.001215, 0.001222, 0.001218, 0.001218, 0.001222, 0.001215, 0.001222, 0.001219, 0.001218, 0.001222, 0.0012159999999999999, 0.001223, 0.001219, 0.001218, 0.001223, 0.001215, 0.001222, 0.001218, 0.001218, 0.001354, 0.001524, 0.0015329999999999999, 0.001529, 0.001527, 0.001534, 0.001526, 0.001531, 0.001524, 0.001522, 0.001529, 0.0015199999999999999, 0.001529, 0.001526, 0.0015229999999999998, 0.001529, 0.001522, 0.001529, 0.001526, 0.001526, 0.00153, 0.001522, 0.00153, 0.001526, 0.001526, 0.001531, 0.0015249999999999999, 0.00153, 0.001526, 0.001527, 0.00153, 0.001524, 0.0015329999999999999, 0.001526, 0.0015249999999999999, 0.001529, 0.0015229999999999998, 0.001531, 0.001527, 0.0015279999999999998, 0.00153, 0.001524, 0.001532, 0.001527, 0.0015279999999999998, 0.0015329999999999999, 0.001524, 0.001531, 0.001527, 0.001527, 0.001532, 0.001526, 0.0015329999999999999, 0.001377]}