{"accuracy": 0.8805, "h1": 32, "h2": 16, "heap_info.alloc_cnt": 59, "heap_info.alloc_fail_cnt": 0, "heap_info.current_size": 5076, "heap_info.max_size": 8732, "heap_info.reserved_size": 81480, "heap_info.total_size": 328926, "stack_info[0].max_size": 1768, "stack_info[0].reserved_size": 4096, "stack_info[0].stack_cnt": 1, "stack_info[0].thread_id": 536875280, "stack_info[1].max_size": 64, "stack_info[1].reserved_size": 640, "stack_info[1].stack_cnt": 1, "stack_info[1].thread_id": 536875616, "stack_info[2].max_size": 104, "stack_info[2].reserved_size": 768, "stack_info[2].stack_cnt": 1, "stack_info[2].thread_id": 536875548, "task_name": "MnistFC", "time_elapsed": 0.714737, "avg_cur": 0.0013686730769230761, "avg_power": 0.004516621153846151, "raw_power_results": [0.001214, 0.001242, 0.001418, 0.001697, 0.0017009999999999998, 0.001705, 0.001475, 0.001215, 0.001242, 0.001387, 0.001696, 0.0017029999999999999, 0.0017059999999999998, 0.0015049999999999998, 0.0012129999999999999, 0.0012439999999999999, 0.0013579999999999998, 0.001678, 0.0017, 0.0017059999999999998, 0.0015329999999999999, 0.0012129999999999999, 0.0012469999999999998, 0.001333, 0.0016799999999999999, 0.0017009999999999998, 0.001707, 0.00156, 0.00121, 0.001242, 0.0013009999999999999, 0.001686, 0.0017029999999999999, 0.0017059999999999998, 0.001591, 0.001212, 0.001302, 0.00121, 0.0012109999999999998, 0.0012109999999999998, 0.0012109999999999998, 0.0012109999999999998, 0.0012109999999999998, 0.0012109999999999998, 0.00121, 0.0012109999999999998, 0.0012109999999999998, 0.0012109999999999998, 0.0012109999999999998, 0.0012109999999999998, 0.0012109999999999998, 0.0012109999999999998, 0.0012109999999999998, 0.0012109999999999998, 0.0012109999999999998, 0.001212, 0.001212, 0.0012109999999999998, 0.0012109999999999998, 0.0012109999999999998, 0.0012109999999999998, 0.0012109999999999998, 0.0012109999999999998, 0.0012109999999999998, 0.0012109999999999998, 0.001212, 0.0012109999999999998, 0.001212, 0.001212, 0.0012109999999999998, 0.001212, 0.001212, 0.001212, 0.001212, 0.001212, 0.001212, 0.001212, 0.001212, 0.001212, 0.0012109999999999998, 0.001212, 0.001212, 0.001212, 0.001212, 0.001212, 0.001212, 0.0012109999999999998, 0.0012109999999999998, 0.001212, 0.001212, 0.001212, 0.001212, 0.001212, 0.001212, 0.001212, 0.001212, 0.001212, 0.001212, 0.001212, 0.001212, 0.0012129999999999999, 0.001212, 0.0012129999999999999, 0.001212, 0.001212, 0.001212, 0.001212, 0.001212, 0.001212, 0.001522, 0.001522, 0.0015229999999999998, 0.001524, 0.001522, 0.0015229999999999998, 0.0015229999999999998, 0.0015229999999999998, 0.0015229999999999998, 0.001524, 0.001524, 0.0015199999999999999, 0.0015199999999999999, 0.001522, 0.001521, 0.001521, 0.001522, 0.001521, 0.001521, 0.001522, 0.001522, 0.0015229999999999998, 0.0015229999999999998, 0.0015229999999999998, 0.0015199999999999999, 0.001521, 0.001522, 0.001521, 0.0015229999999999998, 0.001524, 0.001522, 0.0015229999999999998, 0.0015229999999999998, 0.0015229999999999998, 0.001524, 0.001524, 0.0015229999999999998, 0.0015199999999999999, 0.001521, 0.001522, 0.001521, 0.0015229999999999998, 0.001524, 0.001522, 0.001522, 0.0015229999999999998, 0.0015229999999999998]}