{"accuracy": 0.9482, "h1": 128, "h2": 64, "heap_info.alloc_cnt": 59, "heap_info.alloc_fail_cnt": 0, "heap_info.current_size": 5076, "heap_info.max_size": 8732, "heap_info.reserved_size": 81480, "heap_info.total_size": 282806, "stack_info[0].max_size": 1640, "stack_info[0].reserved_size": 4096, "stack_info[0].stack_cnt": 1, "stack_info[0].thread_id": 536875280, "stack_info[1].max_size": 64, "stack_info[1].reserved_size": 640, "stack_info[1].stack_cnt": 1, "stack_info[1].thread_id": 536875616, "stack_info[2].max_size": 104, "stack_info[2].reserved_size": 768, "stack_info[2].stack_cnt": 1, "stack_info[2].thread_id": 536875548, "task_name": "MnistFC", "time_elapsed": 0.962627, "avg_cur": 0.0013878483146067394, "avg_power": 0.00457989943820224, "raw_power_results": [0.001246, 0.0012129999999999999, 0.001516, 0.0015819999999999999, 0.001583, 0.001604, 0.001665, 0.0016829999999999998, 0.0015589999999999998, 0.0012129999999999999, 0.001246, 0.0013059999999999999, 0.0016099999999999999, 0.0015819999999999999, 0.001586, 0.0016669999999999999, 0.001646, 0.001699, 0.001312, 0.0012439999999999999, 0.00121, 0.001511, 0.00158, 0.0015819999999999999, 0.0016029999999999998, 0.0016619999999999998, 0.001682, 0.0015609999999999999, 0.001212, 0.001246, 0.0013009999999999999, 0.0016099999999999999, 0.0015789999999999999, 0.001584, 0.001666, 0.001647, 0.001702, 0.001316, 0.001246, 0.001217, 0.001511, 0.001583, 0.001583, 0.0016029999999999998, 0.001665, 0.001682, 0.001568, 0.001212, 0.001245, 0.001299, 0.0016049999999999999, 0.0015769999999999998, 0.001581, 0.001663, 0.001647, 0.001702, 0.001321, 0.001304, 0.001212, 0.0012129999999999999, 0.001212, 0.001212, 0.0012129999999999999, 0.0012129999999999999, 0.0012129999999999999, 0.0012129999999999999, 0.0012129999999999999, 0.0012129999999999999, 0.0012129999999999999, 0.0012129999999999999, 0.0012129999999999999, 0.0012129999999999999, 0.001214, 0.0012129999999999999, 0.0012129999999999999, 0.0012129999999999999, 0.0012129999999999999, 0.0012129999999999999, 0.0012129999999999999, 0.001214, 0.0012129999999999999, 0.0012129999999999999, 0.0012129999999999999, 0.0012129999999999999, 0.0012129999999999999, 0.0012129999999999999, 0.0012129999999999999, 0.0012129999999999999, 0.0012129999999999999, 0.0012129999999999999, 0.0012129999999999999, 0.0012129999999999999, 0.0012129999999999999, 0.001214, 0.0012129999999999999, 0.0012129999999999999, 0.0012129999999999999, 0.0012129999999999999, 0.0012129999999999999, 0.0012129999999999999, 0.0012129999999999999, 0.0012129999999999999, 0.0012129999999999999, 0.001214, 0.001214, 0.001214, 0.001214, 0.0012129999999999999, 0.001214, 0.001214, 0.001214, 0.0012129999999999999, 0.0012129999999999999, 0.001214, 0.001214, 0.0012129999999999999, 0.001214, 0.001214, 0.001214, 0.001214, 0.001214, 0.001214, 0.001214, 0.001214, 0.001214, 0.0012129999999999999, 0.0012129999999999999, 0.0012129999999999999, 0.0012129999999999999, 0.0012129999999999999, 0.001336, 0.001521, 0.001522, 0.0015199999999999999, 0.001522, 0.0015229999999999998, 0.001522, 0.001522, 0.001522, 0.001522, 0.001522, 0.0015229999999999998, 0.001522, 0.001519, 0.0015199999999999999, 0.001522, 0.0015199999999999999, 0.001521, 0.0015229999999999998, 0.001521, 0.001522, 0.001522, 0.001522, 0.0015229999999999998, 0.0015229999999999998, 0.001522, 0.001521, 0.001522, 0.0015229999999999998, 0.001521, 0.0015229999999999998, 0.001524, 0.001521, 0.0015229999999999998, 0.0015229999999999998, 0.0015229999999999998, 0.001524, 0.001524, 0.001522, 0.001519, 0.001519, 0.0015199999999999999, 0.001519, 0.001521, 0.001522, 0.001519, 0.0015199999999999999, 0.001521]}