{"accuracy": 0.9318, "h1": 128, "h2": 32, "heap_info.alloc_cnt": 59, "heap_info.alloc_fail_cnt": 0, "heap_info.current_size": 5076, "heap_info.max_size": 8732, "heap_info.reserved_size": 81480, "heap_info.total_size": 277686, "stack_info[0].max_size": 1640, "stack_info[0].reserved_size": 4096, "stack_info[0].stack_cnt": 1, "stack_info[0].thread_id": 536875280, "stack_info[1].max_size": 64, "stack_info[1].reserved_size": 640, "stack_info[1].stack_cnt": 1, "stack_info[1].thread_id": 536875616, "stack_info[2].max_size": 104, "stack_info[2].reserved_size": 768, "stack_info[2].stack_cnt": 1, "stack_info[2].thread_id": 536875548, "task_name": "MnistFC", "time_elapsed": 0.775147, "avg_cur": 0.0013661847133757934, "avg_power": 0.004508409554140118, "raw_power_results": [0.00121, 0.0012469999999999998, 0.001419, 0.0015589999999999998, 0.001633, 0.0016699999999999998, 0.001699, 0.001263, 0.001243, 0.0012109999999999998, 0.001536, 0.0015559999999999999, 0.0016719999999999999, 0.0016749999999999998, 0.0015819999999999999, 0.0012109999999999998, 0.001245, 0.001284, 0.001589, 0.001586, 0.0016699999999999998, 0.001697, 0.001418, 0.001224, 0.00123, 0.0014299999999999998, 0.00156, 0.00164, 0.001671, 0.0017009999999999998, 0.001242, 0.001243, 0.0012129999999999999, 0.001555, 0.0015609999999999999, 0.0016749999999999998, 0.0016769999999999999, 0.001566, 0.001212, 0.001304, 0.001215, 0.001215, 0.0012159999999999999, 0.001215, 0.0012159999999999999, 0.0012159999999999999, 0.0012159999999999999, 0.0012159999999999999, 0.0012159999999999999, 0.0012159999999999999, 0.0012159999999999999, 0.0012159999999999999, 0.0012159999999999999, 0.0012159999999999999, 0.0012159999999999999, 0.0012159999999999999, 0.0012159999999999999, 0.0012159999999999999, 0.0012159999999999999, 0.0012159999999999999, 0.001217, 0.0012159999999999999, 0.0012159999999999999, 0.0012159999999999999, 0.0012159999999999999, 0.0012159999999999999, 0.0012159999999999999, 0.0012159999999999999, 0.001215, 0.0012159999999999999, 0.0012159999999999999, 0.0012159999999999999, 0.0012159999999999999, 0.0012159999999999999, 0.0012159999999999999, 0.0012159999999999999, 0.0012159999999999999, 0.0012159999999999999, 0.001217, 0.001217, 0.001217, 0.001217, 0.001217, 0.001217, 0.0012159999999999999, 0.001217, 0.0012159999999999999, 0.0012159999999999999, 0.0012159999999999999, 0.0012159999999999999, 0.0012159999999999999, 0.001217, 0.001217, 0.0012159999999999999, 0.0012159999999999999, 0.001217, 0.001217, 0.0012159999999999999, 0.001217, 0.001217, 0.001217, 0.001217, 0.0012159999999999999, 0.001217, 0.001217, 0.001217, 0.0012159999999999999, 0.001217, 0.001217, 0.001217, 0.001217, 0.001217, 0.001499, 0.001524, 0.001524, 0.0015249999999999999, 0.0015249999999999999, 0.0015199999999999999, 0.001521, 0.001522, 0.001521, 0.001521, 0.0015229999999999998, 0.001522, 0.001522, 0.001522, 0.0015229999999999998, 0.0015229999999999998, 0.0015249999999999999, 0.0015249999999999999, 0.001522, 0.001522, 0.001524, 0.001522, 0.001524, 0.0015249999999999999, 0.0015229999999999998, 0.0015229999999999998, 0.001524, 0.001524, 0.001524, 0.0015249999999999999, 0.001524, 0.001521, 0.001522, 0.001524, 0.001522, 0.0015229999999999998, 0.0015249999999999999, 0.0015229999999999998, 0.001524, 0.001524, 0.001524, 0.0015249999999999999, 0.001526, 0.0015249999999999999, 0.001339]}