{"accuracy": 0.9608, "h1": 128, "h2": 128, "heap_info.alloc_cnt": 59, "heap_info.alloc_fail_cnt": 0, "heap_info.current_size": 5076, "heap_info.max_size": 8732, "heap_info.reserved_size": 81480, "heap_info.total_size": 293046, "stack_info[0].max_size": 1640, "stack_info[0].reserved_size": 4096, "stack_info[0].stack_cnt": 1, "stack_info[0].thread_id": 536875280, "stack_info[1].max_size": 64, "stack_info[1].reserved_size": 640, "stack_info[1].stack_cnt": 1, "stack_info[1].thread_id": 536875616, "stack_info[2].max_size": 104, "stack_info[2].reserved_size": 768, "stack_info[2].stack_cnt": 1, "stack_info[2].thread_id": 536875548, "task_name": "MnistFC", "time_elapsed": 1.337588, "avg_cur": 0.001415606334841628, "avg_power": 0.004671500904977372, "raw_power_results": [0.001602, 0.0012159999999999999, 0.001242, 0.0012619999999999999, 0.001591, 0.001552, 0.00156, 0.001557, 0.0015589999999999998, 0.0015609999999999999, 0.0016099999999999999, 0.001632, 0.001642, 0.0017029999999999999, 0.0012289999999999998, 0.001242, 0.001217, 0.001563, 0.0015589999999999998, 0.00156, 0.0015559999999999999, 0.0015639999999999999, 0.001557, 0.001584, 0.00166, 0.0016129999999999999, 0.001705, 0.00133, 0.001249, 0.0012159999999999999, 0.0014889999999999999, 0.0015589999999999998, 0.001552, 0.0015589999999999998, 0.00156, 0.0015539999999999998, 0.0015639999999999999, 0.001673, 0.001584, 0.0017009999999999998, 0.001436, 0.001215, 0.0012439999999999999, 0.001421, 0.001558, 0.001552, 0.001562, 0.0015559999999999999, 0.0015589999999999998, 0.0015609999999999999, 0.001663, 0.0015789999999999999, 0.0016829999999999998, 0.0015459999999999998, 0.001218, 0.001243, 0.001326, 0.00158, 0.001558, 0.00156, 0.001557, 0.0015639999999999999, 0.0015559999999999999, 0.001638, 0.001609, 0.001664, 0.0016439999999999998, 0.001212, 0.001249, 0.001237, 0.001597, 0.001563, 0.001555, 0.001563, 0.001562, 0.001557, 0.001612, 0.0016309999999999999, 0.001637, 0.0017059999999999998, 0.001253, 0.00125, 0.001215, 0.00155, 0.001563, 0.001558, 0.001567, 0.0015589999999999998, 0.0015639999999999999, 0.00158, 0.001663, 0.001614, 0.0017, 0.001356, 0.001292, 0.001225, 0.001218, 0.001212, 0.001217, 0.0012159999999999999, 0.001212, 0.001218, 0.001212, 0.001217, 0.0012159999999999999, 0.0012129999999999999, 0.001218, 0.001212, 0.001218, 0.0012159999999999999, 0.0012129999999999999, 0.001218, 0.001212, 0.001217, 0.0012159999999999999, 0.0012129999999999999, 0.001219, 0.0012129999999999999, 0.001218, 0.0012159999999999999, 0.0012129999999999999, 0.001219, 0.0012129999999999999, 0.001218, 0.001217, 0.001214, 0.001219, 0.0012129999999999999, 0.001218, 0.0012159999999999999, 0.001214, 0.001219, 0.0012129999999999999, 0.001218, 0.0012159999999999999, 0.0012129999999999999, 0.001218, 0.001212, 0.001218, 0.0012159999999999999, 0.001214, 0.001219, 0.001212, 0.001219, 0.001217, 0.001214, 0.001219, 0.001212, 0.001218, 0.0012159999999999999, 0.001214, 0.001219, 0.001212, 0.001218, 0.0012159999999999999, 0.001214, 0.001219, 0.001212, 0.001219, 0.0012159999999999999, 0.001214, 0.001219, 0.0012129999999999999, 0.001219, 0.0012159999999999999, 0.001214, 0.001219, 0.001284, 0.001527, 0.0015199999999999999, 0.001518, 0.0015249999999999999, 0.001516, 0.001524, 0.0015229999999999998, 0.001519, 0.001526, 0.001518, 0.0015249999999999999, 0.0015229999999999998, 0.001521, 0.001527, 0.001517, 0.001524, 0.001522, 0.0015199999999999999, 0.001527, 0.0015199999999999999, 0.0015249999999999999, 0.001522, 0.001521, 0.001526, 0.001519, 0.001527, 0.0015229999999999998, 0.001519, 0.0015249999999999999, 0.001517, 0.0015249999999999999, 0.0015229999999999998, 0.0015229999999999998, 0.0015249999999999999, 0.001519, 0.001527, 0.001522, 0.001522, 0.0015279999999999998, 0.0015199999999999999, 0.001526, 0.001522, 0.001522, 0.001527, 0.001521, 0.001529, 0.0015229999999999998, 0.0015229999999999998, 0.0015279999999999998, 0.001521, 0.001527, 0.0015249999999999999, 0.001521]}