{"accuracy": 0.8972, "h1": 16, "h2": 32, "heap_info.alloc_cnt": 59, "heap_info.alloc_fail_cnt": 0, "heap_info.current_size": 5076, "heap_info.max_size": 8732, "heap_info.reserved_size": 81480, "heap_info.total_size": 320926, "stack_info[0].max_size": 1768, "stack_info[0].reserved_size": 4096, "stack_info[0].stack_cnt": 1, "stack_info[0].thread_id": 536875280, "stack_info[1].max_size": 64, "stack_info[1].reserved_size": 640, "stack_info[1].stack_cnt": 1, "stack_info[1].thread_id": 536875616, "stack_info[2].max_size": 104, "stack_info[2].reserved_size": 768, "stack_info[2].stack_cnt": 1, "stack_info[2].thread_id": 536875548, "task_name": "MnistFC", "time_elapsed": 0.792021, "avg_cur": 0.0013828711656441678, "avg_power": 0.0045634748466257535, "raw_power_results": [0.0016879999999999998, 0.001704, 0.00171, 0.001354, 0.0012439999999999999, 0.001214, 0.001504, 0.0016489999999999999, 0.0016829999999999998, 0.0017009999999999998, 0.00171, 0.001261, 0.001242, 0.0012109999999999998, 0.001602, 0.0017029999999999999, 0.0017079999999999999, 0.0017059999999999998, 0.0016669999999999999, 0.001215, 0.001245, 0.0012129999999999999, 0.001669, 0.001663, 0.001704, 0.0017109999999999998, 0.0015789999999999999, 0.001215, 0.001248, 0.001297, 0.001696, 0.0016539999999999999, 0.001704, 0.00171, 0.001488, 0.0012129999999999999, 0.001246, 0.00138, 0.0016879999999999998, 0.001681, 0.001704, 0.001712, 0.0013939999999999998, 0.001255, 0.001266, 0.0012159999999999999, 0.0012159999999999999, 0.0012159999999999999, 0.0012159999999999999, 0.0012159999999999999, 0.001215, 0.001215, 0.0012159999999999999, 0.001215, 0.0012159999999999999, 0.0012159999999999999, 0.0012159999999999999, 0.0012159999999999999, 0.0012159999999999999, 0.0012159999999999999, 0.0012159999999999999, 0.001217, 0.0012159999999999999, 0.001217, 0.001217, 0.001217, 0.001217, 0.0012159999999999999, 0.0012159999999999999, 0.001217, 0.001217, 0.001217, 0.001217, 0.001217, 0.001217, 0.0012159999999999999, 0.001217, 0.001217, 0.001217, 0.001217, 0.001217, 0.001217, 0.001217, 0.001217, 0.001217, 0.001217, 0.001217, 0.001217, 0.001217, 0.001217, 0.001217, 0.001217, 0.001217, 0.001217, 0.001217, 0.001217, 0.001217, 0.001217, 0.001217, 0.001217, 0.001217, 0.001217, 0.001217, 0.001217, 0.0012159999999999999, 0.001217, 0.001217, 0.001217, 0.001217, 0.001217, 0.001217, 0.001217, 0.001217, 0.001217, 0.001217, 0.001217, 0.001339, 0.0015199999999999999, 0.0015199999999999999, 0.001519, 0.0015149999999999999, 0.001517, 0.001518, 0.001517, 0.001518, 0.001519, 0.001518, 0.001518, 0.001519, 0.001519, 0.001519, 0.0015199999999999999, 0.001519, 0.001517, 0.001518, 0.001519, 0.001518, 0.001519, 0.0015199999999999999, 0.001518, 0.001519, 0.0015199999999999999, 0.001519, 0.001519, 0.001521, 0.0015199999999999999, 0.001517, 0.001518, 0.001519, 0.001518, 0.001519, 0.001521, 0.001518, 0.001519, 0.001521, 0.0015199999999999999, 0.0015199999999999999, 0.001521, 0.001521, 0.0015199999999999999, 0.0015199999999999999, 0.001521, 0.0015199999999999999]}