{"accuracy": 0.9002, "h1": 128, "h2": 16, "heap_info.alloc_cnt": 59, "heap_info.alloc_fail_cnt": 0, "heap_info.current_size": 5076, "heap_info.max_size": 8732, "heap_info.reserved_size": 81480, "heap_info.total_size": 275126, "stack_info[0].max_size": 1640, "stack_info[0].reserved_size": 4096, "stack_info[0].stack_cnt": 1, "stack_info[0].thread_id": 536875280, "stack_info[1].max_size": 64, "stack_info[1].reserved_size": 640, "stack_info[1].stack_cnt": 1, "stack_info[1].thread_id": 536875616, "stack_info[2].max_size": 104, "stack_info[2].reserved_size": 768, "stack_info[2].stack_cnt": 1, "stack_info[2].thread_id": 536875548, "task_name": "MnistFC", "time_elapsed": 0.681199, "avg_cur": 0.001354385135135135, "avg_power": 0.0044694709459459445, "raw_power_results": [0.0016929999999999998, 0.001481, 0.001207, 0.0012389999999999999, 0.001372, 0.001583, 0.0016849999999999999, 0.0016929999999999998, 0.0013419999999999999, 0.001241, 0.001207, 0.001475, 0.001622, 0.001686, 0.001689, 0.001207, 0.001238, 0.001207, 0.0015739999999999999, 0.0016669999999999999, 0.001673, 0.0015609999999999999, 0.00121, 0.001241, 0.0012959999999999998, 0.001589, 0.001687, 0.001695, 0.001419, 0.001225, 0.001289, 0.001212, 0.001212, 0.001212, 0.001212, 0.001212, 0.0012129999999999999, 0.0012129999999999999, 0.001212, 0.0012129999999999999, 0.0012129999999999999, 0.0012129999999999999, 0.0012129999999999999, 0.0012129999999999999, 0.0012129999999999999, 0.0012129999999999999, 0.0012129999999999999, 0.0012129999999999999, 0.0012129999999999999, 0.0012129999999999999, 0.0012129999999999999, 0.0012129999999999999, 0.0012129999999999999, 0.0012129999999999999, 0.0012129999999999999, 0.0012129999999999999, 0.0012129999999999999, 0.0012129999999999999, 0.0012129999999999999, 0.0012129999999999999, 0.0012129999999999999, 0.0012129999999999999, 0.0012129999999999999, 0.0012129999999999999, 0.0012129999999999999, 0.0012129999999999999, 0.001214, 0.001214, 0.0012129999999999999, 0.0012129999999999999, 0.0012129999999999999, 0.0012129999999999999, 0.001214, 0.001214, 0.001214, 0.0012129999999999999, 0.0012129999999999999, 0.0012129999999999999, 0.0012129999999999999, 0.001214, 0.001214, 0.001214, 0.0012129999999999999, 0.0012129999999999999, 0.001214, 0.001214, 0.001214, 0.0012129999999999999, 0.001214, 0.001214, 0.001214, 0.001214, 0.0012129999999999999, 0.001214, 0.001214, 0.001214, 0.001214, 0.001214, 0.001214, 0.001214, 0.001215, 0.001214, 0.001308, 0.001521, 0.001519, 0.001519, 0.001521, 0.0015199999999999999, 0.0015199999999999999, 0.001522, 0.0015199999999999999, 0.0015199999999999999, 0.001521, 0.0015199999999999999, 0.001521, 0.001521, 0.001521, 0.001517, 0.001518, 0.001519, 0.001517, 0.001519, 0.001521, 0.001518, 0.001519, 0.0015199999999999999, 0.0015199999999999999, 0.001521, 0.001521, 0.0015199999999999999, 0.001518, 0.001519, 0.001519, 0.001519, 0.0015199999999999999, 0.001522, 0.0015199999999999999, 0.0015199999999999999, 0.001521, 0.001521, 0.001521, 0.001522, 0.001521, 0.001518, 0.001519, 0.0015199999999999999, 0.001519, 0.0011309999999999998]}