{"accuracy": 0.9557, "h1": 64, "h2": 128, "heap_info.alloc_cnt": 59, "heap_info.alloc_fail_cnt": 0, "heap_info.current_size": 5076, "heap_info.max_size": 8732, "heap_info.reserved_size": 81480, "heap_info.total_size": 328586, "stack_info[0].max_size": 1704, "stack_info[0].reserved_size": 4096, "stack_info[0].stack_cnt": 1, "stack_info[0].thread_id": 536875280, "stack_info[1].max_size": 64, "stack_info[1].reserved_size": 640, "stack_info[1].stack_cnt": 1, "stack_info[1].thread_id": 536875616, "stack_info[2].max_size": 104, "stack_info[2].reserved_size": 768, "stack_info[2].stack_cnt": 1, "stack_info[2].thread_id": 536875548, "task_name": "MnistFC", "time_elapsed": 1.309882, "avg_cur": 0.0014419954751131198, "avg_power": 0.004758585067873295, "raw_power_results": [0.0017159999999999999, 0.0017109999999999998, 0.001699, 0.001206, 0.0012439999999999999, 0.001205, 0.001653, 0.001687, 0.001682, 0.001689, 0.0016829999999999998, 0.001665, 0.0016389999999999998, 0.001714, 0.001702, 0.0016699999999999998, 0.00121, 0.001243, 0.001209, 0.001696, 0.0016829999999999998, 0.001689, 0.001686, 0.001682, 0.0016259999999999998, 0.001633, 0.00173, 0.001702, 0.0016489999999999999, 0.0012159999999999999, 0.0012389999999999999, 0.001218, 0.001674, 0.001653, 0.00166, 0.001651, 0.0016589999999999999, 0.001658, 0.0016669999999999999, 0.001738, 0.0016929999999999998, 0.0016259999999999998, 0.00121, 0.0012389999999999999, 0.001248, 0.001695, 0.001656, 0.001651, 0.001647, 0.0016569999999999998, 0.0016489999999999999, 0.0016699999999999998, 0.001704, 0.0016929999999999998, 0.001602, 0.001209, 0.0012469999999999998, 0.0012699999999999999, 0.001704, 0.0016769999999999999, 0.001673, 0.0016799999999999999, 0.0016749999999999998, 0.001647, 0.001656, 0.0017289999999999999, 0.001695, 0.00157, 0.00121, 0.0012469999999999998, 0.001291, 0.0017059999999999998, 0.001692, 0.001687, 0.0016929999999999998, 0.0016879999999999998, 0.001695, 0.0016979999999999999, 0.001728, 0.001699, 0.0015329999999999999, 0.0012129999999999999, 0.0012469999999999998, 0.001322, 0.001741, 0.001704, 0.001714, 0.001712, 0.0017059999999999998, 0.001718, 0.0017059999999999998, 0.001735, 0.001695, 0.001501, 0.001212, 0.001299, 0.001215, 0.001212, 0.0012109999999999998, 0.0012159999999999999, 0.001209, 0.001215, 0.0012129999999999999, 0.0012109999999999998, 0.0012159999999999999, 0.001209, 0.001215, 0.0012129999999999999, 0.0012109999999999998, 0.0012159999999999999, 0.00121, 0.0012159999999999999, 0.001214, 0.001212, 0.001217, 0.00121, 0.0012159999999999999, 0.0012129999999999999, 0.0012109999999999998, 0.0012159999999999999, 0.001209, 0.001215, 0.0012129999999999999, 0.0012109999999999998, 0.0012159999999999999, 0.001209, 0.0012159999999999999, 0.0012129999999999999, 0.0012109999999999998, 0.001217, 0.00121, 0.0012159999999999999, 0.0012129999999999999, 0.001212, 0.0012159999999999999, 0.00121, 0.0012159999999999999, 0.0012129999999999999, 0.001212, 0.001217, 0.0012109999999999998, 0.0012159999999999999, 0.0012129999999999999, 0.001212, 0.001217, 0.00121, 0.001218, 0.001214, 0.001212, 0.001217, 0.00121, 0.001217, 0.0012129999999999999, 0.001212, 0.001217, 0.0012109999999999998, 0.001217, 0.0012129999999999999, 0.001212, 0.001217, 0.00121, 0.001217, 0.0012129999999999999, 0.001212, 0.001217, 0.00121, 0.0012159999999999999, 0.0012259999999999999, 0.001516, 0.001524, 0.0015149999999999999, 0.001521, 0.001513, 0.0015119999999999999, 0.001519, 0.001509, 0.001519, 0.001516, 0.001513, 0.001519, 0.0015119999999999999, 0.001519, 0.001516, 0.0015149999999999999, 0.001521, 0.001511, 0.0015199999999999999, 0.0015149999999999999, 0.0015149999999999999, 0.0015199999999999999, 0.001514, 0.001519, 0.0015149999999999999, 0.001516, 0.0015199999999999999, 0.001513, 0.001522, 0.001516, 0.001514, 0.001519, 0.001511, 0.001519, 0.001516, 0.001518, 0.001519, 0.001513, 0.001521, 0.001516, 0.001518, 0.0015229999999999998, 0.001514, 0.001521, 0.001517, 0.001517, 0.001522, 0.0015149999999999999, 0.0015229999999999998, 0.001516, 0.001517, 0.001521, 0.001514]}