{"accuracy": 0.8037, "h1": 16, "h2": 16, "heap_info.alloc_cnt": 59, "heap_info.alloc_fail_cnt": 0, "heap_info.current_size": 5076, "heap_info.max_size": 8732, "heap_info.reserved_size": 81480, "heap_info.total_size": 305566, "stack_info[0].max_size": 1768, "stack_info[0].reserved_size": 4096, "stack_info[0].stack_cnt": 1, "stack_info[0].thread_id": 536875280, "stack_info[1].max_size": 64, "stack_info[1].reserved_size": 640, "stack_info[1].stack_cnt": 1, "stack_info[1].thread_id": 536875616, "stack_info[2].max_size": 104, "stack_info[2].reserved_size": 768, "stack_info[2].stack_cnt": 1, "stack_info[2].thread_id": 536875548, "task_name": "MnistFC", "time_elapsed": 0.70703, "avg_cur": 0.001368515923566877, "avg_power": 0.004516102547770694, "raw_power_results": [0.001241, 0.0012129999999999999, 0.0016029999999999998, 0.0017059999999999998, 0.00171, 0.00171, 0.001251, 0.0012439999999999999, 0.0012109999999999998, 0.001607, 0.001707, 0.0017079999999999999, 0.0017079999999999999, 0.00124, 0.001242, 0.001212, 0.0016049999999999999, 0.001696, 0.00171, 0.001709, 0.001238, 0.001246, 0.001214, 0.001624, 0.0017029999999999999, 0.001709, 0.0017079999999999999, 0.001222, 0.0012439999999999999, 0.001214, 0.001633, 0.001705, 0.001709, 0.0017079999999999999, 0.001212, 0.001303, 0.0012109999999999998, 0.0012109999999999998, 0.001212, 0.0012109999999999998, 0.0012109999999999998, 0.0012109999999999998, 0.0012109999999999998, 0.0012109999999999998, 0.001212, 0.0012109999999999998, 0.0012109999999999998, 0.001212, 0.0012109999999999998, 0.0012109999999999998, 0.001212, 0.001212, 0.001212, 0.001212, 0.001212, 0.001212, 0.001212, 0.001212, 0.001212, 0.001212, 0.001212, 0.001212, 0.001212, 0.001212, 0.001212, 0.001212, 0.001212, 0.001212, 0.001212, 0.001212, 0.001212, 0.001212, 0.001212, 0.001212, 0.001212, 0.001212, 0.001212, 0.001212, 0.001212, 0.001212, 0.001212, 0.001212, 0.001212, 0.001212, 0.001212, 0.001212, 0.001212, 0.001212, 0.001212, 0.001212, 0.001212, 0.001212, 0.001212, 0.001212, 0.0012109999999999998, 0.001212, 0.001212, 0.001212, 0.001212, 0.001212, 0.001212, 0.001212, 0.001212, 0.0012109999999999998, 0.001212, 0.001212, 0.001212, 0.001212, 0.001436, 0.001519, 0.001518, 0.001519, 0.0015199999999999999, 0.001518, 0.001518, 0.001519, 0.001519, 0.001519, 0.0015199999999999999, 0.0015199999999999999, 0.0015149999999999999, 0.001516, 0.001517, 0.001516, 0.001517, 0.001519, 0.001517, 0.001518, 0.001518, 0.001519, 0.001519, 0.0015199999999999999, 0.0015199999999999999, 0.001517, 0.001518, 0.001519, 0.001518, 0.0015199999999999999, 0.0015199999999999999, 0.001518, 0.001519, 0.001519, 0.001519, 0.001519, 0.0015199999999999999, 0.0015199999999999999, 0.001516, 0.001517, 0.001518, 0.001517, 0.001519, 0.0015199999999999999, 0.001519, 0.001519, 0.001519, 0.0015199999999999999, 0.001375]}