{"accuracy": 0.8579, "h1": 128, "h2": 8, "heap_info.alloc_cnt": 59, "heap_info.alloc_fail_cnt": 0, "heap_info.current_size": 5076, "heap_info.max_size": 8732, "heap_info.reserved_size": 81480, "heap_info.total_size": 273846, "stack_info[0].max_size": 1640, "stack_info[0].reserved_size": 4096, "stack_info[0].stack_cnt": 1, "stack_info[0].thread_id": 536875280, "stack_info[1].max_size": 64, "stack_info[1].reserved_size": 640, "stack_info[1].stack_cnt": 1, "stack_info[1].thread_id": 536875616, "stack_info[2].max_size": 104, "stack_info[2].reserved_size": 768, "stack_info[2].stack_cnt": 1, "stack_info[2].thread_id": 536875548, "task_name": "MnistFC", "time_elapsed": 0.633392, "avg_cur": 0.0013555104895104874, "avg_power": 0.004473184615384608, "raw_power_results": [0.0012439999999999999, 0.001295, 0.001645, 0.0017, 0.001689, 0.001215, 0.0012439999999999999, 0.00121, 0.001599, 0.001699, 0.001699, 0.0013269999999999998, 0.0012439999999999999, 0.001215, 0.0014919999999999998, 0.001684, 0.0016979999999999999, 0.001454, 0.001214, 0.001246, 0.001408, 0.001655, 0.0016879999999999998, 0.001573, 0.001214, 0.0013059999999999999, 0.001215, 0.001215, 0.001215, 0.0012159999999999999, 0.001215, 0.0012159999999999999, 0.0012159999999999999, 0.0012159999999999999, 0.0012159999999999999, 0.0012159999999999999, 0.0012159999999999999, 0.0012159999999999999, 0.0012159999999999999, 0.0012159999999999999, 0.0012159999999999999, 0.0012159999999999999, 0.0012159999999999999, 0.0012159999999999999, 0.0012159999999999999, 0.0012159999999999999, 0.0012159999999999999, 0.0012159999999999999, 0.0012159999999999999, 0.0012159999999999999, 0.0012159999999999999, 0.0012159999999999999, 0.001217, 0.0012159999999999999, 0.001217, 0.001217, 0.001217, 0.001217, 0.0012159999999999999, 0.001217, 0.001217, 0.001217, 0.001217, 0.001217, 0.001217, 0.001217, 0.001217, 0.001217, 0.0012159999999999999, 0.001217, 0.001217, 0.001217, 0.001217, 0.001217, 0.001217, 0.001217, 0.001217, 0.001217, 0.001217, 0.001217, 0.0012159999999999999, 0.001217, 0.001217, 0.001217, 0.001217, 0.001217, 0.001217, 0.001217, 0.001217, 0.001218, 0.001218, 0.001218, 0.001217, 0.001217, 0.001217, 0.001217, 0.001217, 0.001219, 0.001527, 0.001522, 0.001524, 0.001524, 0.001524, 0.0015249999999999999, 0.0015229999999999998, 0.0015229999999999998, 0.001524, 0.001524, 0.001524, 0.001526, 0.001524, 0.001524, 0.001524, 0.0015249999999999999, 0.0015249999999999999, 0.001526, 0.001526, 0.001521, 0.001522, 0.0015229999999999998, 0.001521, 0.0015229999999999998, 0.001524, 0.0015229999999999998, 0.0015229999999999998, 0.001524, 0.0015249999999999999, 0.0015249999999999999, 0.0015249999999999999, 0.001526, 0.0015229999999999998, 0.0015249999999999999, 0.001526, 0.001524, 0.001526, 0.001527, 0.0015249999999999999, 0.0015249999999999999, 0.0015249999999999999, 0.0015249999999999999, 0.001526, 0.001526, 0.001514]}