{"accuracy": 0.8936, "h1": 64, "h2": 16, "heap_info.alloc_cnt": 59, "heap_info.alloc_fail_cnt": 0, "heap_info.current_size": 5076, "heap_info.max_size": 8732, "heap_info.reserved_size": 81480, "heap_info.total_size": 310666, "stack_info[0].max_size": 1704, "stack_info[0].reserved_size": 4096, "stack_info[0].stack_cnt": 1, "stack_info[0].thread_id": 536875280, "stack_info[1].max_size": 64, "stack_info[1].reserved_size": 640, "stack_info[1].stack_cnt": 1, "stack_info[1].thread_id": 536875616, "stack_info[2].max_size": 104, "stack_info[2].reserved_size": 768, "stack_info[2].stack_cnt": 1, "stack_info[2].thread_id": 536875548, "task_name": "MnistFC", "time_elapsed": 0.699322, "avg_cur": 0.0013646081081081039, "avg_power": 0.004503206756756742, "raw_power_results": [0.0017109999999999998, 0.001696, 0.001513, 0.001214, 0.001242, 0.001349, 0.00171, 0.00171, 0.001694, 0.001464, 0.0012129999999999999, 0.001242, 0.0013989999999999999, 0.0017109999999999998, 0.00171, 0.001695, 0.001411, 0.0012259999999999999, 0.0012289999999999998, 0.00145, 0.0017029999999999999, 0.00171, 0.0016979999999999999, 0.001364, 0.001243, 0.001214, 0.0014969999999999998, 0.0017009999999999998, 0.0017109999999999998, 0.0016979999999999999, 0.00132, 0.001305, 0.0012159999999999999, 0.001215, 0.001215, 0.001215, 0.001215, 0.0012159999999999999, 0.0012159999999999999, 0.0012159999999999999, 0.001215, 0.001215, 0.001215, 0.001215, 0.001215, 0.001215, 0.001215, 0.001215, 0.001215, 0.001215, 0.001215, 0.001215, 0.0012159999999999999, 0.001215, 0.001215, 0.0012159999999999999, 0.0012159999999999999, 0.0012159999999999999, 0.001215, 0.0012159999999999999, 0.0012159999999999999, 0.0012159999999999999, 0.0012159999999999999, 0.0012159999999999999, 0.0012159999999999999, 0.001217, 0.0012159999999999999, 0.0012159999999999999, 0.0012159999999999999, 0.0012159999999999999, 0.0012159999999999999, 0.0012159999999999999, 0.0012159999999999999, 0.0012159999999999999, 0.0012159999999999999, 0.0012159999999999999, 0.0012159999999999999, 0.0012159999999999999, 0.0012159999999999999, 0.0012159999999999999, 0.0012159999999999999, 0.0012159999999999999, 0.0012159999999999999, 0.0012159999999999999, 0.0012159999999999999, 0.0012159999999999999, 0.0012159999999999999, 0.001217, 0.001217, 0.001217, 0.001217, 0.0012159999999999999, 0.0012159999999999999, 0.0012159999999999999, 0.0012159999999999999, 0.0012159999999999999, 0.0012159999999999999, 0.001217, 0.0012159999999999999, 0.001217, 0.001217, 0.001217, 0.001217, 0.001217, 0.001383, 0.001517, 0.001518, 0.001518, 0.001519, 0.0015199999999999999, 0.001518, 0.001518, 0.001519, 0.001519, 0.001519, 0.0015199999999999999, 0.001519, 0.0015149999999999999, 0.001516, 0.001517, 0.0015149999999999999, 0.001516, 0.001518, 0.001517, 0.001517, 0.001518, 0.001518, 0.001518, 0.001519, 0.001519, 0.001517, 0.001518, 0.001519, 0.001518, 0.001519, 0.0015199999999999999, 0.001518, 0.001519, 0.001519, 0.001519, 0.001519, 0.0015199999999999999, 0.0015199999999999999, 0.001517, 0.001518, 0.001519, 0.001517, 0.001519]}