{"accuracy": 0.9212, "h1": 16, "h2": 64, "heap_info.alloc_cnt": 59, "heap_info.alloc_fail_cnt": 0, "heap_info.current_size": 5076, "heap_info.max_size": 8732, "heap_info.reserved_size": 81480, "heap_info.total_size": 286666, "stack_info[0].max_size": 1704, "stack_info[0].reserved_size": 4096, "stack_info[0].stack_cnt": 1, "stack_info[0].thread_id": 536875280, "stack_info[1].max_size": 64, "stack_info[1].reserved_size": 640, "stack_info[1].stack_cnt": 1, "stack_info[1].thread_id": 536875616, "stack_info[2].max_size": 104, "stack_info[2].reserved_size": 768, "stack_info[2].stack_cnt": 1, "stack_info[2].thread_id": 536875548, "task_name": "MnistFC", "time_elapsed": 0.931589, "avg_cur": 0.0013959599999999958, "avg_power": 0.004606667999999986, "raw_power_results": [0.0012129999999999999, 0.001664, 0.0016589999999999999, 0.00166, 0.0016799999999999999, 0.001712, 0.0017079999999999999, 0.0012959999999999998, 0.001245, 0.001214, 0.001565, 0.001678, 0.001682, 0.001687, 0.001713, 0.0017079999999999999, 0.001393, 0.001242, 0.001218, 0.0014709999999999999, 0.0016669999999999999, 0.001661, 0.001663, 0.00171, 0.00171, 0.001488, 0.001212, 0.001242, 0.0013729999999999999, 0.001705, 0.001661, 0.001614, 0.0016879999999999998, 0.00171, 0.0015849999999999998, 0.001212, 0.0012439999999999999, 0.0012829999999999999, 0.001699, 0.00166, 0.001661, 0.0016879999999999998, 0.001713, 0.0016829999999999998, 0.0012159999999999999, 0.0012469999999999998, 0.001215, 0.001673, 0.0016539999999999999, 0.001658, 0.001678, 0.0017109999999999998, 0.001709, 0.001289, 0.0013059999999999999, 0.001215, 0.001215, 0.001215, 0.001215, 0.001215, 0.001215, 0.001215, 0.001215, 0.001215, 0.001215, 0.0012159999999999999, 0.001215, 0.001215, 0.001215, 0.001215, 0.001215, 0.001215, 0.001215, 0.001215, 0.001214, 0.001215, 0.001215, 0.001215, 0.001215, 0.001215, 0.001215, 0.0012159999999999999, 0.001215, 0.001215, 0.001215, 0.001215, 0.001215, 0.001215, 0.0012159999999999999, 0.001215, 0.0012159999999999999, 0.0012159999999999999, 0.0012159999999999999, 0.0012159999999999999, 0.0012159999999999999, 0.0012159999999999999, 0.0012159999999999999, 0.001215, 0.0012159999999999999, 0.0012159999999999999, 0.0012159999999999999, 0.0012159999999999999, 0.0012159999999999999, 0.0012159999999999999, 0.0012159999999999999, 0.0012159999999999999, 0.0012159999999999999, 0.001215, 0.001215, 0.001215, 0.001215, 0.001215, 0.001215, 0.001215, 0.001215, 0.001215, 0.001215, 0.001215, 0.0012159999999999999, 0.0012159999999999999, 0.0012159999999999999, 0.001215, 0.001215, 0.0012159999999999999, 0.0012159999999999999, 0.001215, 0.001215, 0.0013859999999999999, 0.0015199999999999999, 0.001519, 0.001517, 0.001518, 0.001519, 0.001517, 0.001518, 0.0015199999999999999, 0.001519, 0.001519, 0.001519, 0.0015199999999999999, 0.001519, 0.0015199999999999999, 0.0015199999999999999, 0.001517, 0.001518, 0.001519, 0.001518, 0.001519, 0.0015199999999999999, 0.001518, 0.001519, 0.0015199999999999999, 0.001519, 0.0015199999999999999, 0.0015199999999999999, 0.0015199999999999999, 0.001519, 0.001519, 0.0015199999999999999, 0.001519, 0.001521, 0.001522, 0.001519, 0.0015199999999999999, 0.0015199999999999999, 0.0015199999999999999, 0.001521, 0.001521, 0.001519, 0.001516, 0.001516, 0.001516, 0.001516, 0.001517, 0.001236]}