{"accuracy": 0.6338, "h1": 8, "h2": 8, "heap_info.alloc_cnt": 59, "heap_info.alloc_fail_cnt": 0, "heap_info.current_size": 5076, "heap_info.max_size": 8732, "heap_info.reserved_size": 81480, "heap_info.total_size": 289406, "stack_info[0].max_size": 1768, "stack_info[0].reserved_size": 4096, "stack_info[0].stack_cnt": 1, "stack_info[0].thread_id": 536875280, "stack_info[1].max_size": 64, "stack_info[1].reserved_size": 640, "stack_info[1].stack_cnt": 1, "stack_info[1].thread_id": 536875616, "stack_info[2].max_size": 104, "stack_info[2].reserved_size": 768, "stack_info[2].stack_cnt": 1, "stack_info[2].thread_id": 536875548, "task_name": "MnistFC", "time_elapsed": 0.663181, "avg_cur": 0.001352410958904114, "avg_power": 0.004462956164383576, "raw_power_results": [0.001446, 0.001209, 0.001236, 0.0014, 0.001694, 0.001704, 0.001702, 0.00122, 0.001236, 0.001205, 0.0016179999999999999, 0.001704, 0.0017029999999999999, 0.001496, 0.001205, 0.001238, 0.001349, 0.001694, 0.001705, 0.0017029999999999999, 0.001277, 0.0012389999999999999, 0.001207, 0.0015509999999999999, 0.0017029999999999999, 0.0017029999999999999, 0.0015539999999999998, 0.001207, 0.0013, 0.00121, 0.00121, 0.001209, 0.00121, 0.00121, 0.00121, 0.00121, 0.00121, 0.00121, 0.00121, 0.0012109999999999998, 0.0012109999999999998, 0.00121, 0.0012109999999999998, 0.0012109999999999998, 0.0012109999999999998, 0.0012109999999999998, 0.0012109999999999998, 0.0012109999999999998, 0.0012109999999999998, 0.0012109999999999998, 0.0012109999999999998, 0.0012109999999999998, 0.0012109999999999998, 0.0012109999999999998, 0.0012109999999999998, 0.0012109999999999998, 0.0012109999999999998, 0.0012109999999999998, 0.0012109999999999998, 0.0012109999999999998, 0.0012109999999999998, 0.0012109999999999998, 0.0012109999999999998, 0.0012109999999999998, 0.0012109999999999998, 0.00121, 0.00121, 0.0012109999999999998, 0.0012109999999999998, 0.0012109999999999998, 0.0012109999999999998, 0.0012109999999999998, 0.0012109999999999998, 0.0012109999999999998, 0.0012109999999999998, 0.0012109999999999998, 0.0012109999999999998, 0.001212, 0.0012109999999999998, 0.0012109999999999998, 0.0012109999999999998, 0.0012109999999999998, 0.0012109999999999998, 0.0012109999999999998, 0.0012109999999999998, 0.0012109999999999998, 0.0012109999999999998, 0.0012109999999999998, 0.001212, 0.001212, 0.001212, 0.001212, 0.0012109999999999998, 0.0012109999999999998, 0.001212, 0.001212, 0.001212, 0.001212, 0.001212, 0.001212, 0.001285, 0.001511, 0.001511, 0.0015119999999999999, 0.001509, 0.0015099999999999998, 0.001511, 0.0015099999999999998, 0.001511, 0.001513, 0.0015119999999999999, 0.001511, 0.0015119999999999999, 0.0015119999999999999, 0.0015119999999999999, 0.001513, 0.001513, 0.001508, 0.001509, 0.0015099999999999998, 0.001509, 0.0015099999999999998, 0.001511, 0.0015099999999999998, 0.0015099999999999998, 0.0015099999999999998, 0.001511, 0.0015099999999999998, 0.0015119999999999999, 0.001511, 0.001508, 0.0015099999999999998, 0.001511, 0.0015099999999999998, 0.0015119999999999999, 0.001513, 0.0015099999999999998, 0.0015099999999999998, 0.001511, 0.001511, 0.001511, 0.001511, 0.001511, 0.001508, 0.001509, 0.001511]}