{"accuracy": 0.9435, "h1": 16, "h2": 128, "heap_info.alloc_cnt": 59, "heap_info.alloc_fail_cnt": 0, "heap_info.current_size": 5076, "heap_info.max_size": 8732, "heap_info.reserved_size": 81480, "heap_info.total_size": 296906, "stack_info[0].max_size": 1704, "stack_info[0].reserved_size": 4096, "stack_info[0].stack_cnt": 1, "stack_info[0].thread_id": 536875280, "stack_info[1].max_size": 64, "stack_info[1].reserved_size": 640, "stack_info[1].stack_cnt": 1, "stack_info[1].thread_id": 536875616, "stack_info[2].max_size": 104, "stack_info[2].reserved_size": 768, "stack_info[2].stack_cnt": 1, "stack_info[2].thread_id": 536875548, "task_name": "MnistFC", "time_elapsed": 1.261033, "avg_cur": 0.0014435650224215247, "avg_power": 0.004763764573991031, "raw_power_results": [0.0012439999999999999, 0.001388, 0.0017239999999999998, 0.001684, 0.001684, 0.0016829999999999998, 0.001687, 0.001686, 0.0016979999999999999, 0.001718, 0.001699, 0.001212, 0.001243, 0.0012129999999999999, 0.001669, 0.001692, 0.001676, 0.0016769999999999999, 0.001674, 0.0016769999999999999, 0.001684, 0.001714, 0.0017079999999999999, 0.001432, 0.0012159999999999999, 0.001238, 0.0014299999999999998, 0.001696, 0.001687, 0.001687, 0.0016539999999999999, 0.001619, 0.0016179999999999999, 0.001684, 0.001718, 0.0016589999999999999, 0.001214, 0.001245, 0.001218, 0.0017189999999999998, 0.0016899999999999999, 0.001679, 0.0016799999999999999, 0.0016769999999999999, 0.001682, 0.001689, 0.00171, 0.001709, 0.001387, 0.0012439999999999999, 0.001214, 0.001483, 0.001735, 0.0017159999999999999, 0.0017189999999999998, 0.001715, 0.001718, 0.00172, 0.0017109999999999998, 0.001712, 0.0016129999999999999, 0.001218, 0.001243, 0.001261, 0.001709, 0.001689, 0.0016899999999999999, 0.001689, 0.001691, 0.001691, 0.001695, 0.001717, 0.0017079999999999999, 0.001338, 0.0012469999999999998, 0.001215, 0.0015379999999999999, 0.001704, 0.0016769999999999999, 0.001678, 0.0016749999999999998, 0.001678, 0.001681, 0.001713, 0.001709, 0.0015609999999999999, 0.001214, 0.001303, 0.001212, 0.0012129999999999999, 0.001212, 0.001212, 0.001212, 0.001212, 0.001212, 0.001212, 0.0012129999999999999, 0.001212, 0.0012129999999999999, 0.001212, 0.0012129999999999999, 0.0012129999999999999, 0.0012129999999999999, 0.001212, 0.0012129999999999999, 0.0012129999999999999, 0.0012129999999999999, 0.0012129999999999999, 0.0012129999999999999, 0.0012129999999999999, 0.001212, 0.0012129999999999999, 0.0012129999999999999, 0.0012129999999999999, 0.0012129999999999999, 0.0012129999999999999, 0.0012129999999999999, 0.0012129999999999999, 0.0012129999999999999, 0.0012129999999999999, 0.0012129999999999999, 0.0012129999999999999, 0.0012129999999999999, 0.0012129999999999999, 0.0012129999999999999, 0.0012129999999999999, 0.001214, 0.0012129999999999999, 0.0012129999999999999, 0.0012129999999999999, 0.0012129999999999999, 0.001214, 0.0012129999999999999, 0.001214, 0.0012129999999999999, 0.0012129999999999999, 0.0012129999999999999, 0.0012129999999999999, 0.001214, 0.001214, 0.001214, 0.0012129999999999999, 0.0012129999999999999, 0.0012129999999999999, 0.001214, 0.001214, 0.001214, 0.001214, 0.001214, 0.001214, 0.001214, 0.001214, 0.001214, 0.001214, 0.001214, 0.0012129999999999999, 0.001214, 0.001214, 0.001214, 0.001214, 0.001506, 0.001526, 0.0015229999999999998, 0.001524, 0.001524, 0.0015249999999999999, 0.001526, 0.001526, 0.001524, 0.001521, 0.0015199999999999999, 0.001521, 0.001521, 0.001522, 0.001524, 0.001522, 0.0015229999999999998, 0.0015229999999999998, 0.0015229999999999998, 0.001524, 0.001524, 0.001524, 0.001522, 0.001522, 0.0015229999999999998, 0.0015229999999999998, 0.001524, 0.0015249999999999999, 0.001522, 0.0015229999999999998, 0.001524, 0.0015229999999999998, 0.001524, 0.0015249999999999999, 0.001524, 0.001522, 0.0015229999999999998, 0.0015229999999999998, 0.001524, 0.001524, 0.0015249999999999999, 0.001522, 0.001524, 0.001524, 0.0015229999999999998, 0.001524, 0.001526, 0.001524, 0.0015229999999999998, 0.001524, 0.001524, 0.001524, 0.0015249999999999999, 0.001526, 0.001524, 0.001524, 0.0015249999999999999, 0.0015229999999999998, 0.0015249999999999999, 0.001526, 0.001522, 0.001522, 0.001521]}