{"accuracy": 0.9309, "h1": 8, "h2": 128, "heap_info.alloc_cnt": 59, "heap_info.alloc_fail_cnt": 0, "heap_info.current_size": 5076, "heap_info.max_size": 8732, "heap_info.reserved_size": 81480, "heap_info.total_size": 291626, "stack_info[0].max_size": 1704, "stack_info[0].reserved_size": 4096, "stack_info[0].stack_cnt": 1, "stack_info[0].thread_id": 536875280, "stack_info[1].max_size": 64, "stack_info[1].reserved_size": 640, "stack_info[1].stack_cnt": 1, "stack_info[1].thread_id": 536875616, "stack_info[2].max_size": 104, "stack_info[2].reserved_size": 768, "stack_info[2].stack_cnt": 1, "stack_info[2].thread_id": 536875548, "task_name": "MnistFC", "time_elapsed": 1.252805, "avg_cur": 0.001440748837209302, "avg_power": 0.004754471162790696, "raw_power_results": [0.001214, 0.001514, 0.0017059999999999998, 0.0016879999999999998, 0.001691, 0.001689, 0.001689, 0.0016929999999999998, 0.001707, 0.00171, 0.001545, 0.001212, 0.001243, 0.0013139999999999998, 0.001681, 0.0016229999999999999, 0.001625, 0.0016259999999999998, 0.001624, 0.0016259999999999998, 0.001666, 0.001712, 0.00171, 0.001235, 0.0012439999999999999, 0.001214, 0.0016229999999999999, 0.0016929999999999998, 0.0016929999999999998, 0.001696, 0.001694, 0.001694, 0.0017, 0.00171, 0.0017109999999999998, 0.001423, 0.0012159999999999999, 0.001241, 0.001441, 0.001712, 0.001674, 0.0016719999999999999, 0.0016749999999999998, 0.001676, 0.0016749999999999998, 0.001699, 0.001712, 0.001617, 0.0012159999999999999, 0.001248, 0.0012649999999999998, 0.0017209999999999999, 0.001715, 0.0017109999999999998, 0.001713, 0.001714, 0.001666, 0.001676, 0.0017159999999999999, 0.001712, 0.001304, 0.001246, 0.001212, 0.001562, 0.001689, 0.001689, 0.001692, 0.0016899999999999999, 0.0016899999999999999, 0.001694, 0.00171, 0.001712, 0.00149, 0.001217, 0.001245, 0.001375, 0.001735, 0.00172, 0.0017189999999999998, 0.0017209999999999999, 0.001722, 0.0016799999999999999, 0.0016899999999999999, 0.0017159999999999999, 0.0016749999999999998, 0.001212, 0.001304, 0.001214, 0.001214, 0.001215, 0.001215, 0.001214, 0.001214, 0.001215, 0.001215, 0.001214, 0.001214, 0.001214, 0.001215, 0.001215, 0.001215, 0.001215, 0.001215, 0.001215, 0.001215, 0.001215, 0.001215, 0.001215, 0.001215, 0.001215, 0.0012159999999999999, 0.0012159999999999999, 0.0012159999999999999, 0.001215, 0.0012159999999999999, 0.001215, 0.001215, 0.001215, 0.001215, 0.001215, 0.001215, 0.0012159999999999999, 0.0012159999999999999, 0.001215, 0.0012159999999999999, 0.0012159999999999999, 0.0012159999999999999, 0.0012159999999999999, 0.0012159999999999999, 0.0012159999999999999, 0.0012159999999999999, 0.0012159999999999999, 0.0012159999999999999, 0.001215, 0.0012159999999999999, 0.0012159999999999999, 0.001215, 0.0012159999999999999, 0.0012159999999999999, 0.0012159999999999999, 0.0012159999999999999, 0.0012159999999999999, 0.0012159999999999999, 0.0012159999999999999, 0.0012159999999999999, 0.0012159999999999999, 0.0012159999999999999, 0.0012159999999999999, 0.0012159999999999999, 0.0012159999999999999, 0.0012159999999999999, 0.0012159999999999999, 0.0012159999999999999, 0.001215, 0.001215, 0.0012159999999999999, 0.0012159999999999999, 0.001215, 0.0012159999999999999, 0.0014559999999999998, 0.0015249999999999999, 0.001526, 0.001524, 0.0015249999999999999, 0.001524, 0.001524, 0.0015249999999999999, 0.0015249999999999999, 0.0015229999999999998, 0.001519, 0.0015199999999999999, 0.001521, 0.0015199999999999999, 0.001521, 0.0015229999999999998, 0.001521, 0.001521, 0.001522, 0.001522, 0.0015229999999999998, 0.0015229999999999998, 0.0015229999999999998, 0.001522, 0.001522, 0.001522, 0.001522, 0.0015229999999999998, 0.001524, 0.001522, 0.001522, 0.0015229999999999998, 0.001522, 0.001524, 0.0015249999999999999, 0.0015229999999999998, 0.001521, 0.001522, 0.001522, 0.001522, 0.0015229999999999998, 0.0015249999999999999, 0.001522, 0.0015229999999999998, 0.001524, 0.001524, 0.001524, 0.0015249999999999999, 0.001524, 0.0015229999999999998, 0.0015229999999999998, 0.0015229999999999998, 0.001524, 0.0015249999999999999, 0.001526, 0.0015229999999999998]}