{"accuracy": 0.8512, "h1": 64, "h2": 8, "heap_info.alloc_cnt": 59, "heap_info.alloc_fail_cnt": 0, "heap_info.current_size": 5076, "heap_info.max_size": 8732, "heap_info.reserved_size": 81480, "heap_info.total_size": 348766, "stack_info[0].max_size": 1768, "stack_info[0].reserved_size": 4096, "stack_info[0].stack_cnt": 1, "stack_info[0].thread_id": 536875280, "stack_info[1].max_size": 64, "stack_info[1].reserved_size": 640, "stack_info[1].stack_cnt": 1, "stack_info[1].thread_id": 536875616, "stack_info[2].max_size": 104, "stack_info[2].reserved_size": 768, "stack_info[2].stack_cnt": 1, "stack_info[2].thread_id": 536875548, "task_name": "MnistFC", "time_elapsed": 0.679636, "avg_cur": 0.0013597602739726029, "avg_power": 0.004487208904109589, "raw_power_results": [0.0017029999999999999, 0.001438, 0.0012159999999999999, 0.001242, 0.0014299999999999998, 0.0017079999999999999, 0.001702, 0.0017009999999999998, 0.001287, 0.001242, 0.001212, 0.0015609999999999999, 0.001704, 0.001702, 0.0016409999999999999, 0.001214, 0.0012439999999999999, 0.001237, 0.001694, 0.0017029999999999999, 0.0017009999999999998, 0.001496, 0.001217, 0.001246, 0.00137, 0.0017079999999999999, 0.0017009999999999998, 0.0017009999999999998, 0.001348, 0.001295, 0.0012209999999999999, 0.0012129999999999999, 0.0012129999999999999, 0.0012129999999999999, 0.0012129999999999999, 0.0012129999999999999, 0.0012129999999999999, 0.0012129999999999999, 0.0012129999999999999, 0.0012129999999999999, 0.0012129999999999999, 0.0012129999999999999, 0.0012129999999999999, 0.0012129999999999999, 0.0012129999999999999, 0.0012129999999999999, 0.0012129999999999999, 0.0012129999999999999, 0.0012129999999999999, 0.0012129999999999999, 0.0012129999999999999, 0.0012129999999999999, 0.0012129999999999999, 0.0012129999999999999, 0.0012129999999999999, 0.001214, 0.001214, 0.001214, 0.001214, 0.001214, 0.0012129999999999999, 0.001214, 0.001214, 0.001214, 0.001214, 0.001214, 0.001214, 0.001214, 0.001214, 0.0012129999999999999, 0.001214, 0.001214, 0.0012129999999999999, 0.001214, 0.001214, 0.001214, 0.001214, 0.001214, 0.001214, 0.001214, 0.001214, 0.001214, 0.001214, 0.001214, 0.0012129999999999999, 0.001214, 0.001214, 0.001214, 0.001214, 0.001214, 0.001214, 0.001214, 0.001214, 0.001214, 0.001215, 0.001215, 0.001215, 0.001215, 0.001215, 0.001215, 0.001215, 0.001215, 0.001395, 0.001522, 0.001519, 0.001519, 0.001521, 0.0015199999999999999, 0.0015199999999999999, 0.001521, 0.0015199999999999999, 0.0015199999999999999, 0.001521, 0.001521, 0.001521, 0.001521, 0.001521, 0.001517, 0.001518, 0.001519, 0.001518, 0.001519, 0.0015199999999999999, 0.001519, 0.001519, 0.001519, 0.0015199999999999999, 0.0015199999999999999, 0.001521, 0.001521, 0.001519, 0.0015199999999999999, 0.001521, 0.0015199999999999999, 0.001521, 0.0015229999999999998, 0.001521, 0.001521, 0.001521, 0.001522, 0.001521, 0.001522, 0.001522, 0.001519, 0.0015199999999999999, 0.001521]}