{"accuracy": 0.7961, "h1": 16, "h2": 8, "heap_info.alloc_cnt": 59, "heap_info.alloc_fail_cnt": 0, "heap_info.current_size": 5076, "heap_info.max_size": 8732, "heap_info.reserved_size": 81480, "heap_info.total_size": 297886, "stack_info[0].max_size": 1768, "stack_info[0].reserved_size": 4096, "stack_info[0].stack_cnt": 1, "stack_info[0].thread_id": 536875280, "stack_info[1].max_size": 64, "stack_info[1].reserved_size": 640, "stack_info[1].stack_cnt": 1, "stack_info[1].thread_id": 536875616, "stack_info[2].max_size": 104, "stack_info[2].reserved_size": 768, "stack_info[2].stack_cnt": 1, "stack_info[2].thread_id": 536875548, "task_name": "MnistFC", "time_elapsed": 0.663701, "avg_cur": 0.0013651513157894716, "avg_power": 0.004504999342105256, "raw_power_results": [0.001671, 0.0017109999999999998, 0.001709, 0.001464, 0.0012109999999999998, 0.001245, 0.001398, 0.0017, 0.0017109999999999998, 0.001707, 0.0012439999999999999, 0.0012439999999999999, 0.001212, 0.001611, 0.001712, 0.0017079999999999999, 0.001521, 0.0012109999999999998, 0.001248, 0.001346, 0.001707, 0.001709, 0.00171, 0.0013, 0.001245, 0.0012129999999999999, 0.001557, 0.00171, 0.00171, 0.0015789999999999999, 0.001214, 0.0013009999999999999, 0.001209, 0.001209, 0.0012079999999999999, 0.001209, 0.001209, 0.001209, 0.001209, 0.001209, 0.001209, 0.001209, 0.001209, 0.001209, 0.001209, 0.00121, 0.00121, 0.001209, 0.00121, 0.00121, 0.00121, 0.00121, 0.00121, 0.00121, 0.00121, 0.001209, 0.00121, 0.00121, 0.00121, 0.00121, 0.00121, 0.00121, 0.00121, 0.00121, 0.00121, 0.00121, 0.00121, 0.00121, 0.00121, 0.00121, 0.00121, 0.00121, 0.00121, 0.00121, 0.00121, 0.0012109999999999998, 0.0012109999999999998, 0.0012109999999999998, 0.00121, 0.0012109999999999998, 0.00121, 0.00121, 0.0012109999999999998, 0.0012109999999999998, 0.0012109999999999998, 0.00121, 0.00121, 0.00121, 0.00121, 0.00121, 0.0012109999999999998, 0.0012109999999999998, 0.00121, 0.00121, 0.0012109999999999998, 0.00121, 0.0012109999999999998, 0.00121, 0.0012109999999999998, 0.00121, 0.00121, 0.00121, 0.0012109999999999998, 0.0012339999999999999, 0.001517, 0.001518, 0.001519, 0.001516, 0.001516, 0.001519, 0.001518, 0.001518, 0.001519, 0.001518, 0.001518, 0.001518, 0.001519, 0.001518, 0.001519, 0.001519, 0.001514, 0.0015149999999999999, 0.001516, 0.001514, 0.0015149999999999999, 0.001517, 0.001516, 0.001516, 0.001516, 0.001517, 0.001517, 0.001518, 0.001518, 0.0015149999999999999, 0.001516, 0.001517, 0.001516, 0.001517, 0.001518, 0.001517, 0.001517, 0.001518, 0.001517, 0.001518, 0.001519, 0.001519, 0.0015149999999999999, 0.001516, 0.001518, 0.0015149999999999999, 0.001518, 0.001519]}