{"accuracy": 0.7486, "h1": 8, "h2": 16, "heap_info.alloc_cnt": 59, "heap_info.alloc_fail_cnt": 0, "heap_info.current_size": 5076, "heap_info.max_size": 8732, "heap_info.reserved_size": 81480, "heap_info.total_size": 293886, "stack_info[0].max_size": 1768, "stack_info[0].reserved_size": 4096, "stack_info[0].stack_cnt": 1, "stack_info[0].thread_id": 536875280, "stack_info[1].max_size": 64, "stack_info[1].reserved_size": 640, "stack_info[1].stack_cnt": 1, "stack_info[1].thread_id": 536875616, "stack_info[2].max_size": 104, "stack_info[2].reserved_size": 768, "stack_info[2].stack_cnt": 1, "stack_info[2].thread_id": 536875548, "task_name": "MnistFC", "time_elapsed": 0.705155, "avg_cur": 0.0013597124183006503, "avg_power": 0.004487050980392146, "raw_power_results": [0.0012389999999999999, 0.001207, 0.001648, 0.0017, 0.001705, 0.0016849999999999999, 0.001207, 0.0012389999999999999, 0.001209, 0.0016619999999999998, 0.001695, 0.001704, 0.001669, 0.001209, 0.001241, 0.0012109999999999998, 0.0016799999999999999, 0.001696, 0.001704, 0.001646, 0.001207, 0.001238, 0.0012209999999999999, 0.001666, 0.001692, 0.001705, 0.001627, 0.001207, 0.001237, 0.001235, 0.0016879999999999998, 0.001699, 0.0017059999999999998, 0.001609, 0.001205, 0.001297, 0.001207, 0.001207, 0.001207, 0.001207, 0.001207, 0.001207, 0.001207, 0.001207, 0.001207, 0.0012079999999999999, 0.0012079999999999999, 0.0012079999999999999, 0.0012079999999999999, 0.0012079999999999999, 0.0012079999999999999, 0.0012079999999999999, 0.0012079999999999999, 0.0012079999999999999, 0.0012079999999999999, 0.0012079999999999999, 0.0012079999999999999, 0.0012079999999999999, 0.0012079999999999999, 0.0012079999999999999, 0.0012079999999999999, 0.001209, 0.0012079999999999999, 0.0012079999999999999, 0.0012079999999999999, 0.001209, 0.001209, 0.0012079999999999999, 0.0012079999999999999, 0.0012079999999999999, 0.001209, 0.001209, 0.0012079999999999999, 0.001209, 0.001209, 0.001209, 0.0012079999999999999, 0.0012079999999999999, 0.0012079999999999999, 0.001209, 0.001209, 0.001209, 0.001209, 0.001209, 0.0012079999999999999, 0.0012079999999999999, 0.0012079999999999999, 0.0012079999999999999, 0.0012079999999999999, 0.0012079999999999999, 0.0012079999999999999, 0.0012079999999999999, 0.0012079999999999999, 0.0012079999999999999, 0.0012079999999999999, 0.0012079999999999999, 0.0012079999999999999, 0.0012079999999999999, 0.001209, 0.0012079999999999999, 0.0012079999999999999, 0.0012079999999999999, 0.0012079999999999999, 0.001209, 0.001209, 0.001209, 0.0012079999999999999, 0.001209, 0.001518, 0.001514, 0.001513, 0.001514, 0.001516, 0.0015149999999999999, 0.0015149999999999999, 0.001514, 0.0015149999999999999, 0.001514, 0.0015149999999999999, 0.001516, 0.001511, 0.001511, 0.0015119999999999999, 0.001511, 0.001513, 0.001514, 0.001513, 0.001513, 0.001513, 0.001514, 0.001514, 0.0015149999999999999, 0.0015149999999999999, 0.001513, 0.001513, 0.001514, 0.001513, 0.0015149999999999999, 0.001516, 0.001514, 0.001514, 0.001514, 0.001514, 0.001514, 0.0015149999999999999, 0.0015149999999999999, 0.001511, 0.0015119999999999999, 0.001514, 0.001513, 0.001514, 0.0015149999999999999, 0.001245]}