{"accuracy": 0.8796, "h1": 8, "h2": 32, "heap_info.alloc_cnt": 59, "heap_info.alloc_fail_cnt": 0, "heap_info.current_size": 5076, "heap_info.max_size": 8732, "heap_info.reserved_size": 81480, "heap_info.total_size": 302846, "stack_info[0].max_size": 1768, "stack_info[0].reserved_size": 4096, "stack_info[0].stack_cnt": 1, "stack_info[0].thread_id": 536875280, "stack_info[1].max_size": 64, "stack_info[1].reserved_size": 640, "stack_info[1].stack_cnt": 1, "stack_info[1].thread_id": 536875616, "stack_info[2].max_size": 104, "stack_info[2].reserved_size": 768, "stack_info[2].stack_cnt": 1, "stack_info[2].thread_id": 536875548, "task_name": "MnistFC", "time_elapsed": 0.785771, "avg_cur": 0.0013804785276073598, "avg_power": 0.004555579141104287, "raw_power_results": [0.001687, 0.001709, 0.001704, 0.0012129999999999999, 0.0012439999999999999, 0.0012129999999999999, 0.001655, 0.0016979999999999999, 0.001707, 0.001712, 0.001581, 0.00121, 0.0012469999999999998, 0.0012959999999999998, 0.001695, 0.001653, 0.0017059999999999998, 0.0017109999999999998, 0.001459, 0.0012129999999999999, 0.001243, 0.0014069999999999998, 0.001656, 0.001666, 0.001709, 0.0017109999999999998, 0.001336, 0.001246, 0.001214, 0.001529, 0.0016799999999999999, 0.001697, 0.001712, 0.00171, 0.0012159999999999999, 0.001245, 0.0012129999999999999, 0.001647, 0.001697, 0.001707, 0.001715, 0.001588, 0.001214, 0.001305, 0.001214, 0.001214, 0.001214, 0.001214, 0.001214, 0.001214, 0.001214, 0.001214, 0.001214, 0.001214, 0.001214, 0.001214, 0.001214, 0.001214, 0.001214, 0.001215, 0.001215, 0.001214, 0.001214, 0.001215, 0.001215, 0.001214, 0.001215, 0.001215, 0.001215, 0.001215, 0.001215, 0.001215, 0.001215, 0.001215, 0.001215, 0.001215, 0.001215, 0.001215, 0.001215, 0.001215, 0.001215, 0.001215, 0.001215, 0.001215, 0.001215, 0.001215, 0.001214, 0.001215, 0.001215, 0.001215, 0.001215, 0.001215, 0.001215, 0.001215, 0.001215, 0.001215, 0.001215, 0.001215, 0.001215, 0.001215, 0.0012159999999999999, 0.001215, 0.001215, 0.001215, 0.001215, 0.001215, 0.0012159999999999999, 0.001215, 0.001215, 0.001215, 0.001215, 0.001215, 0.001215, 0.001215, 0.001215, 0.001251, 0.0015229999999999998, 0.001524, 0.001524, 0.001524, 0.0015199999999999999, 0.001521, 0.001522, 0.0015199999999999999, 0.001521, 0.0015229999999999998, 0.001521, 0.001521, 0.001522, 0.001522, 0.0015229999999999998, 0.0015229999999999998, 0.0015229999999999998, 0.001521, 0.001522, 0.0015229999999999998, 0.001521, 0.0015229999999999998, 0.001524, 0.001522, 0.0015229999999999998, 0.0015229999999999998, 0.0015229999999999998, 0.0015229999999999998, 0.0015229999999999998, 0.0015229999999999998, 0.001521, 0.001522, 0.001522, 0.001521, 0.0015229999999999998, 0.001524, 0.001522, 0.001524, 0.001524, 0.001524, 0.0015249999999999999, 0.0015249999999999999, 0.001524, 0.0015229999999999998, 0.001524, 0.001524, 0.0010999999999999998]}