{"accuracy": 0.911, "h1": 32, "h2": 32, "heap_info.alloc_cnt": 59, "heap_info.alloc_fail_cnt": 0, "heap_info.current_size": 5076, "heap_info.max_size": 8732, "heap_info.reserved_size": 81480, "heap_info.total_size": 292106, "stack_info[0].max_size": 1704, "stack_info[0].reserved_size": 4096, "stack_info[0].stack_cnt": 1, "stack_info[0].thread_id": 536875280, "stack_info[1].max_size": 64, "stack_info[1].reserved_size": 640, "stack_info[1].stack_cnt": 1, "stack_info[1].thread_id": 536875616, "stack_info[2].max_size": 104, "stack_info[2].reserved_size": 768, "stack_info[2].stack_cnt": 1, "stack_info[2].thread_id": 536875548, "task_name": "MnistFC", "time_elapsed": 0.773272, "avg_cur": 0.0013792484472049656, "avg_power": 0.004551519875776386, "raw_power_results": [0.001709, 0.001705, 0.00139, 0.0012469999999999998, 0.001212, 0.00148, 0.001707, 0.0017, 0.0017109999999999998, 0.0016929999999999998, 0.001215, 0.001246, 0.001215, 0.001663, 0.001681, 0.00171, 0.001705, 0.001516, 0.0012159999999999999, 0.001245, 0.001348, 0.0017109999999999998, 0.001674, 0.00171, 0.001705, 0.0013319999999999999, 0.0012439999999999999, 0.0012129999999999999, 0.001534, 0.001705, 0.0017029999999999999, 0.0017079999999999999, 0.001648, 0.0012129999999999999, 0.001246, 0.001233, 0.001702, 0.0016699999999999998, 0.0017109999999999998, 0.001705, 0.001469, 0.001215, 0.001304, 0.001215, 0.001215, 0.001215, 0.001215, 0.001215, 0.001215, 0.001215, 0.001215, 0.001215, 0.0012159999999999999, 0.001215, 0.0012159999999999999, 0.0012159999999999999, 0.0012159999999999999, 0.0012159999999999999, 0.001215, 0.0012159999999999999, 0.0012159999999999999, 0.0012159999999999999, 0.0012159999999999999, 0.0012159999999999999, 0.0012159999999999999, 0.0012159999999999999, 0.0012159999999999999, 0.0012159999999999999, 0.0012159999999999999, 0.0012159999999999999, 0.0012159999999999999, 0.0012159999999999999, 0.0012159999999999999, 0.0012159999999999999, 0.0012159999999999999, 0.001215, 0.0012159999999999999, 0.0012159999999999999, 0.0012159999999999999, 0.0012159999999999999, 0.0012159999999999999, 0.0012159999999999999, 0.0012159999999999999, 0.0012159999999999999, 0.0012159999999999999, 0.0012159999999999999, 0.0012159999999999999, 0.0012159999999999999, 0.0012159999999999999, 0.0012159999999999999, 0.0012159999999999999, 0.0012159999999999999, 0.0012159999999999999, 0.0012159999999999999, 0.0012159999999999999, 0.0012159999999999999, 0.0012159999999999999, 0.0012159999999999999, 0.0012159999999999999, 0.0012159999999999999, 0.0012159999999999999, 0.0012159999999999999, 0.0012159999999999999, 0.0012159999999999999, 0.0012159999999999999, 0.0012159999999999999, 0.0012159999999999999, 0.0012159999999999999, 0.0012159999999999999, 0.0012159999999999999, 0.0012159999999999999, 0.0012159999999999999, 0.0012159999999999999, 0.0012159999999999999, 0.001285, 0.0015229999999999998, 0.0015229999999999998, 0.0015229999999999998, 0.0015229999999999998, 0.0015229999999999998, 0.001518, 0.001519, 0.0015199999999999999, 0.0015199999999999999, 0.001521, 0.001522, 0.001521, 0.001521, 0.001522, 0.001522, 0.001522, 0.0015229999999999998, 0.0015229999999999998, 0.001521, 0.001522, 0.001522, 0.001521, 0.0015229999999999998, 0.001524, 0.001522, 0.001522, 0.0015229999999999998, 0.0015229999999999998, 0.0015229999999999998, 0.001524, 0.0015229999999999998, 0.0015199999999999999, 0.001521, 0.001522, 0.001521, 0.001522, 0.001524, 0.001522, 0.001522, 0.001524, 0.0015229999999999998, 0.001524, 0.0015249999999999999, 0.001524, 0.0015229999999999998, 0.001282]}